,box,angry,disgust,fear,happy,sad,surprise,neutral
0,[255 263  59  59],0.27,0.1,0.2,0.27,0.09,0.03,0.04
1,[251 261  60  60],0.21,0.15,0.13,0.3,0.13,0.04,0.04
2,[147  41 170 170],0.15,0.0,0.29,0.0,0.39,0.05,0.11
3,[149  43 167 167],0.11,0.0,0.28,0.0,0.4,0.05,0.14
4,[150  45 169 169],0.15,0.0,0.16,0.0,0.38,0.12,0.18
5,[152  44 168 168],0.16,0.0,0.08,0.0,0.19,0.51,0.06
6,[154  49 165 165],0.06,0.0,0.04,0.0,0.28,0.43,0.19
7,[151  49 170 170],0.07,0.0,0.1,0.0,0.57,0.1,0.17
8,[150  51 174 174],0.13,0.0,0.08,0.0,0.64,0.01,0.15
9,[152  55 166 166],0.18,0.0,0.05,0.0,0.37,0.01,0.38
10,[151  55 166 166],0.25,0.0,0.01,0.0,0.21,0.01,0.53
11,[151  56 164 164],0.32,0.0,0.02,0.0,0.29,0.01,0.35
12,[154  56 163 163],0.25,0.0,0.05,0.0,0.4,0.02,0.28
13,[155  54 163 163],0.13,0.0,0.09,0.0,0.31,0.02,0.45
14,[157  52 163 163],0.16,0.0,0.15,0.0,0.36,0.04,0.28
15,[156  50 164 164],0.15,0.0,0.1,0.0,0.45,0.03,0.27
16,[268 262  60  60],0.07,0.21,0.2,0.22,0.13,0.1,0.08
17,[268 260  62  62],0.08,0.29,0.16,0.2,0.12,0.09,0.06
18,[267 261  59  59],0.09,0.26,0.19,0.17,0.12,0.09,0.08
19,[152  44 165 165],0.18,0.0,0.08,0.0,0.43,0.05,0.26
20,[148  42 167 167],0.26,0.0,0.09,0.0,0.38,0.07,0.21
21,[145  41 171 171],0.24,0.0,0.08,0.0,0.41,0.07,0.21
22,[144  40 173 173],0.3,0.0,0.07,0.0,0.35,0.07,0.22
23,[142  42 172 172],0.15,0.0,0.07,0.0,0.42,0.04,0.31
24,[141  38 174 174],0.17,0.0,0.11,0.0,0.47,0.03,0.22
25,[140  36 176 176],0.16,0.0,0.14,0.0,0.48,0.04,0.18
26,[141  36 174 174],0.19,0.0,0.17,0.0,0.53,0.02,0.09
27,[144  36 169 169],0.16,0.0,0.15,0.0,0.56,0.03,0.1
28,[146  30 174 174],0.12,0.0,0.14,0.0,0.6,0.02,0.12
29,[150  28 174 174],0.05,0.0,0.07,0.0,0.8,0.01,0.08
30,[159  31 169 169],0.06,0.0,0.06,0.0,0.71,0.02,0.15
31,[162  28 173 173],0.03,0.0,0.04,0.0,0.7,0.01,0.21
32,[168  30 175 175],0.04,0.0,0.09,0.0,0.71,0.01,0.14
33,[169  30 175 175],0.03,0.0,0.09,0.0,0.74,0.01,0.13
34,[170  31 178 178],0.07,0.0,0.14,0.0,0.6,0.01,0.18
35,[172  33 176 176],0.05,0.0,0.08,0.0,0.64,0.01,0.22
36,[175  36 178 178],0.09,0.0,0.06,0.0,0.42,0.01,0.42
37,[175  38 178 178],0.12,0.0,0.06,0.0,0.44,0.01,0.37
38,[176  38 180 180],0.08,0.0,0.06,0.0,0.47,0.01,0.39
39,[176  42 181 181],0.06,0.0,0.08,0.0,0.45,0.01,0.4
40,[181  45 176 176],0.09,0.0,0.1,0.0,0.35,0.02,0.44
41,[183  47 175 175],0.11,0.0,0.09,0.0,0.49,0.02,0.3
42,[181  45 176 176],0.07,0.0,0.1,0.0,0.48,0.03,0.32
43,[181  46 179 179],0.08,0.0,0.13,0.0,0.54,0.02,0.22
44,[184  50 177 177],0.07,0.0,0.12,0.0,0.58,0.01,0.21
45,[186  52 173 173],0.1,0.0,0.1,0.0,0.61,0.01,0.18
46,[186  53 175 175],0.1,0.0,0.12,0.0,0.48,0.01,0.29
47,[185  53 174 174],0.06,0.0,0.07,0.0,0.65,0.01,0.2
48,[186  54 173 173],0.06,0.0,0.05,0.01,0.74,0.02,0.13
49,[183  53 179 179],0.07,0.0,0.06,0.01,0.74,0.02,0.11
50,[185  56 174 174],0.05,0.0,0.05,0.01,0.66,0.01,0.22
51,[183  56 175 175],0.09,0.0,0.06,0.01,0.58,0.0,0.25
52,[181  58 176 176],0.1,0.0,0.05,0.02,0.34,0.0,0.49
53,[180  57 177 177],0.08,0.0,0.06,0.0,0.53,0.0,0.32
54,[180  57 176 176],0.08,0.0,0.12,0.0,0.42,0.01,0.36
55,[179  55 178 178],0.09,0.0,0.1,0.0,0.45,0.01,0.35
56,[177  54 177 177],0.08,0.0,0.14,0.0,0.39,0.01,0.38
57,[177  54 177 177],0.12,0.0,0.16,0.0,0.45,0.02,0.24
58,[174  54 178 178],0.12,0.0,0.08,0.0,0.71,0.01,0.08
59,[172  55 177 177],0.15,0.0,0.1,0.0,0.7,0.01,0.04
60,[168  57 177 177],0.17,0.0,0.21,0.0,0.59,0.01,0.03
61,[167  57 175 175],0.2,0.0,0.21,0.0,0.55,0.01,0.03
62,[167  56 175 175],0.16,0.0,0.24,0.0,0.55,0.02,0.02
63,[166  57 176 176],0.19,0.0,0.2,0.0,0.55,0.01,0.04
64,[165  57 177 177],0.16,0.0,0.16,0.0,0.62,0.02,0.05
65,[166  59 174 174],0.18,0.0,0.24,0.0,0.53,0.03,0.02
66,[162  58 180 180],0.15,0.0,0.29,0.0,0.46,0.02,0.08
67,[162  60 180 180],0.22,0.0,0.32,0.0,0.39,0.02,0.05
68,[158  62 180 180],0.2,0.0,0.27,0.0,0.48,0.01,0.03
69,[159  63 179 179],0.26,0.0,0.27,0.0,0.42,0.01,0.04
70,[158  63 181 181],0.23,0.0,0.25,0.0,0.47,0.01,0.03
71,[160  64 180 180],0.16,0.0,0.31,0.0,0.46,0.01,0.06
72,[163  61 179 179],0.13,0.0,0.45,0.0,0.34,0.01,0.07
73,[163  59 179 179],0.16,0.0,0.34,0.0,0.46,0.01,0.03
74,[166  59 176 176],0.11,0.0,0.36,0.0,0.49,0.01,0.03
75,[167  57 179 179],0.08,0.0,0.39,0.0,0.49,0.02,0.03
76,[171  57 181 181],0.07,0.0,0.48,0.0,0.38,0.01,0.06
77,[170  56 182 182],0.04,0.0,0.5,0.0,0.39,0.01,0.06
78,[170  57 183 183],0.04,0.0,0.56,0.0,0.35,0.01,0.05
79,[171  58 181 181],0.04,0.0,0.53,0.0,0.38,0.01,0.04
80,[171  58 183 183],0.07,0.0,0.47,0.0,0.4,0.0,0.06
81,[173  59 181 181],0.08,0.0,0.42,0.0,0.36,0.01,0.12
82,[175  60 179 179],0.09,0.0,0.33,0.0,0.43,0.05,0.1
83,[175  60 181 181],0.13,0.0,0.21,0.0,0.55,0.03,0.08
84,[176  60 177 177],0.02,0.0,0.02,0.37,0.26,0.02,0.31
85,[171  56 185 185],0.0,0.0,0.0,0.83,0.02,0.0,0.15
86,[166  53 187 187],0.0,0.0,0.0,0.91,0.02,0.01,0.06
87,[165  53 189 189],0.04,0.0,0.01,0.49,0.35,0.05,0.05
88,[169  55 188 188],0.12,0.0,0.03,0.01,0.28,0.0,0.57
89,[174  56 184 184],0.22,0.0,0.04,0.01,0.32,0.0,0.41
90,[177  57 184 184],0.14,0.0,0.03,0.01,0.46,0.0,0.36
91,[173  57 187 187],0.16,0.0,0.08,0.1,0.23,0.04,0.39
92,[170  59 188 188],0.08,0.0,0.03,0.61,0.08,0.13,0.07
93,[173  60 185 185],0.03,0.0,0.02,0.49,0.06,0.01,0.4
94,[173  60 186 186],0.05,0.0,0.04,0.24,0.16,0.01,0.5
95,[176  60 184 184],0.11,0.0,0.12,0.07,0.34,0.02,0.34
96,[172  58 187 187],0.09,0.0,0.26,0.0,0.49,0.01,0.14
97,[173  59 185 185],0.17,0.0,0.24,0.0,0.52,0.0,0.07
98,[172  57 187 187],0.17,0.0,0.3,0.0,0.33,0.02,0.17
99,[171  57 186 186],0.12,0.0,0.26,0.0,0.42,0.01,0.18
100,[170  56 186 186],0.08,0.0,0.1,0.0,0.57,0.0,0.25
101,[171  56 185 185],0.14,0.0,0.1,0.0,0.72,0.01,0.03
102,[172  53 184 184],0.09,0.0,0.08,0.0,0.78,0.01,0.04
103,[170  52 184 184],0.1,0.0,0.1,0.0,0.76,0.01,0.03
104,[170  50 182 182],0.05,0.0,0.04,0.0,0.89,0.0,0.01
105,[170  50 180 180],0.05,0.0,0.05,0.0,0.88,0.01,0.02
106,[171  51 176 176],0.07,0.0,0.05,0.01,0.82,0.02,0.03
107,[168  49 179 179],0.04,0.0,0.04,0.0,0.86,0.04,0.0
108,[169  50 176 176],0.08,0.0,0.05,0.0,0.83,0.03,0.0
109,[169  53 172 172],0.06,0.0,0.05,0.0,0.86,0.03,0.0
110,[169  53 173 173],0.06,0.0,0.05,0.0,0.87,0.01,0.0
111,[170  55 167 167],0.06,0.0,0.1,0.0,0.83,0.01,0.01
112,[170  53 167 167],0.06,0.0,0.09,0.0,0.84,0.01,0.0
113,[171  53 163 163],0.05,0.0,0.09,0.0,0.85,0.01,0.0
114,[171  53 163 163],0.04,0.0,0.07,0.0,0.87,0.01,0.0
115,[168  52 165 165],0.07,0.0,0.1,0.0,0.81,0.01,0.0
116,[186 188 135 135],0.26,0.0,0.21,0.07,0.41,0.01,0.05
117,[165  52 165 165],0.1,0.0,0.13,0.0,0.75,0.01,0.0
118,[165  52 165 165],0.1,0.0,0.12,0.0,0.77,0.01,0.01
119,[164  52 166 166],0.05,0.0,0.05,0.0,0.89,0.0,0.0
120,[164  51 167 167],0.02,0.0,0.05,0.0,0.91,0.0,0.01
121,[164  50 169 169],0.03,0.0,0.04,0.0,0.91,0.0,0.01
122,[163  48 174 174],0.02,0.0,0.02,0.0,0.94,0.0,0.01
123,[164  48 174 174],0.06,0.0,0.07,0.0,0.81,0.0,0.05
124,[163  48 177 177],0.1,0.0,0.09,0.0,0.67,0.01,0.13
125,[163  47 180 180],0.08,0.0,0.08,0.0,0.72,0.01,0.11
126,[163  48 180 180],0.1,0.0,0.08,0.0,0.74,0.01,0.07
127,[164  47 181 181],0.1,0.0,0.05,0.0,0.78,0.01,0.07
128,[166  48 176 176],0.09,0.0,0.07,0.0,0.59,0.0,0.23
129,[165  47 179 179],0.07,0.0,0.09,0.0,0.63,0.0,0.19
130,[164  47 179 179],0.12,0.0,0.16,0.0,0.62,0.02,0.09
131,[165  46 180 180],0.04,0.0,0.07,0.0,0.8,0.01,0.07
132,[164  46 182 182],0.06,0.0,0.1,0.0,0.76,0.01,0.08
133,[164  45 182 182],0.05,0.0,0.08,0.0,0.79,0.01,0.06
134,[164  46 186 186],0.11,0.0,0.13,0.0,0.72,0.01,0.02
135,[165  47 182 182],0.07,0.0,0.12,0.0,0.76,0.01,0.03
136,[167  48 181 181],0.09,0.0,0.11,0.0,0.77,0.01,0.02
137,[165  47 183 183],0.14,0.0,0.16,0.0,0.67,0.02,0.02
138,[166  47 182 182],0.12,0.0,0.15,0.0,0.68,0.03,0.01
139,[167  49 179 179],0.08,0.0,0.14,0.0,0.76,0.01,0.01
140,[166  52 180 180],0.16,0.0,0.12,0.0,0.58,0.0,0.14
141,[165  54 179 179],0.15,0.0,0.14,0.0,0.59,0.01,0.12
142,[164  52 180 180],0.07,0.0,0.11,0.0,0.75,0.06,0.01
143,[162  49 179 179],0.06,0.0,0.11,0.0,0.77,0.05,0.0
144,[156  46 177 177],0.05,0.0,0.11,0.0,0.8,0.04,0.0
145,[155  48 175 175],0.04,0.0,0.07,0.0,0.82,0.06,0.0
146,[153  49 174 174],0.04,0.0,0.11,0.0,0.8,0.04,0.0
147,[155  52 172 172],0.06,0.0,0.1,0.0,0.81,0.03,0.0
148,[156  55 179 179],0.23,0.0,0.12,0.0,0.62,0.01,0.01
149,[159  54 180 180],0.2,0.0,0.16,0.0,0.58,0.03,0.02
150,[161  53 180 180],0.13,0.0,0.23,0.0,0.56,0.04,0.04
151,[165  52 178 178],0.11,0.0,0.26,0.0,0.56,0.04,0.04
152,[164  51 180 180],0.12,0.0,0.23,0.0,0.56,0.02,0.06
153,[163  52 178 178],0.14,0.0,0.2,0.0,0.6,0.01,0.05
154,[160  53 181 181],0.16,0.0,0.1,0.0,0.62,0.0,0.11
155,[159  55 182 182],0.23,0.0,0.13,0.0,0.51,0.0,0.13
156,[160  57 183 183],0.13,0.0,0.12,0.0,0.62,0.0,0.12
157,[162  58 183 183],0.11,0.0,0.17,0.0,0.61,0.0,0.1
158,[164  57 183 183],0.12,0.0,0.2,0.0,0.5,0.0,0.18
159,[165  57 183 183],0.1,0.0,0.23,0.0,0.57,0.0,0.1
160,[160  54 186 186],0.09,0.0,0.21,0.0,0.62,0.04,0.04
161,[159  56 185 185],0.09,0.0,0.11,0.0,0.76,0.01,0.03
162,[161  59 179 179],0.07,0.0,0.13,0.01,0.68,0.01,0.1
163,[161  61 175 175],0.07,0.0,0.15,0.0,0.53,0.01,0.23
164,[157  56 182 182],0.08,0.0,0.04,0.01,0.21,0.0,0.67
165,[158  58 180 180],0.04,0.0,0.03,0.01,0.19,0.0,0.72
166,[156  57 180 180],0.09,0.0,0.05,0.0,0.19,0.0,0.66
167,[157  57 180 180],0.06,0.0,0.03,0.0,0.23,0.0,0.67
168,[153  53 184 184],0.2,0.0,0.04,0.0,0.5,0.01,0.26
169,[153  51 183 183],0.28,0.0,0.08,0.0,0.5,0.02,0.13
170,[153  51 180 180],0.29,0.0,0.05,0.0,0.48,0.02,0.17
171,[154  49 178 178],0.34,0.0,0.08,0.0,0.38,0.05,0.15
172,[153  47 172 172],0.23,0.0,0.08,0.0,0.3,0.07,0.32
173,[149  44 179 179],0.27,0.0,0.03,0.0,0.27,0.02,0.41
174,[149  42 180 180],0.29,0.0,0.05,0.0,0.22,0.05,0.39
175,[150  44 176 176],0.27,0.0,0.03,0.0,0.19,0.05,0.47
176,[147  48 177 177],0.19,0.0,0.1,0.04,0.14,0.5,0.03
177,[146  51 177 177],0.34,0.0,0.1,0.02,0.16,0.27,0.12
178,[146  55 178 178],0.32,0.0,0.12,0.0,0.27,0.11,0.17
179,[146  56 178 178],0.23,0.0,0.08,0.0,0.45,0.13,0.1
180,[149  57 176 176],0.1,0.0,0.04,0.0,0.58,0.02,0.26
181,[149  55 178 178],0.09,0.0,0.01,0.0,0.39,0.0,0.5
182,[153  56 175 175],0.08,0.0,0.01,0.0,0.41,0.0,0.49
183,[154  52 179 179],0.06,0.0,0.02,0.0,0.45,0.0,0.47
184,[157  52 181 181],0.08,0.0,0.05,0.0,0.74,0.01,0.12
185,[159  50 184 184],0.09,0.0,0.06,0.0,0.81,0.01,0.03
186,[160  49 185 185],0.08,0.0,0.07,0.0,0.79,0.0,0.05
187,[165  50 183 183],0.11,0.0,0.15,0.0,0.62,0.02,0.1
188,[171  48 182 182],0.08,0.0,0.18,0.0,0.57,0.02,0.15
189,[171  49 182 182],0.05,0.0,0.45,0.0,0.42,0.04,0.04
190,[175  49 179 179],0.03,0.0,0.42,0.0,0.48,0.03,0.05
191,[181  49 178 178],0.04,0.0,0.56,0.0,0.32,0.02,0.06
192,[186  50 175 175],0.05,0.0,0.59,0.0,0.28,0.03,0.04
193,[187  48 178 178],0.07,0.0,0.54,0.0,0.27,0.09,0.03
194,[188  49 179 179],0.07,0.0,0.57,0.0,0.27,0.03,0.07
195,[186  50 178 178],0.07,0.0,0.57,0.0,0.27,0.03,0.07
196,[186  51 178 178],0.08,0.0,0.67,0.0,0.18,0.02,0.04
197,[183  50 179 179],0.06,0.0,0.61,0.0,0.24,0.02,0.07
198,[185  50 177 177],0.06,0.0,0.7,0.0,0.17,0.01,0.05
199,[187  45 177 177],0.13,0.0,0.5,0.0,0.28,0.01,0.08
200,[187  43 179 179],0.12,0.0,0.56,0.0,0.24,0.03,0.06
201,[190  44 174 174],0.09,0.0,0.67,0.0,0.16,0.05,0.03
202,[189  40 175 175],0.17,0.0,0.43,0.0,0.33,0.01,0.05
203,[186  37 178 178],0.11,0.0,0.15,0.0,0.69,0.03,0.02
204,[187  39 177 177],0.3,0.0,0.2,0.0,0.39,0.02,0.1
205,[192  41 175 175],0.32,0.0,0.17,0.01,0.37,0.01,0.12
206,[196  45 174 174],0.18,0.0,0.31,0.01,0.32,0.03,0.14
207,[195  43 180 180],0.09,0.0,0.34,0.0,0.49,0.02,0.06
208,[191  42 182 182],0.18,0.0,0.32,0.0,0.44,0.02,0.04
209,[185  42 185 185],0.16,0.0,0.52,0.0,0.27,0.03,0.02
210,[181  43 181 181],0.18,0.0,0.33,0.0,0.42,0.06,0.02
211,[171  41 185 185],0.21,0.0,0.22,0.0,0.5,0.05,0.02
212,[170  41 183 183],0.19,0.0,0.13,0.0,0.61,0.02,0.04
213,[169  41 181 181],0.29,0.0,0.09,0.0,0.53,0.01,0.08
214,[168  42 183 183],0.28,0.0,0.05,0.0,0.54,0.0,0.12
215,[170  43 184 184],0.1,0.0,0.1,0.0,0.75,0.01,0.04
216,[170  44 184 184],0.15,0.0,0.07,0.0,0.75,0.01,0.02
217,[170  46 182 182],0.17,0.0,0.08,0.0,0.72,0.01,0.02
218,[166  47 184 184],0.2,0.0,0.08,0.0,0.69,0.01,0.02
219,[162  52 177 177],0.19,0.01,0.12,0.0,0.57,0.0,0.1
220,[159  52 175 175],0.15,0.0,0.09,0.0,0.56,0.0,0.19
221,[157  52 178 178],0.19,0.0,0.16,0.0,0.57,0.01,0.07
222,[157  51 179 179],0.1,0.0,0.14,0.0,0.71,0.01,0.04
223,[162  53 179 179],0.15,0.0,0.12,0.0,0.66,0.01,0.05
224,[164  54 178 178],0.18,0.0,0.22,0.0,0.41,0.14,0.04
225,[164  53 178 178],0.18,0.0,0.27,0.0,0.32,0.2,0.03
226,[165  54 179 179],0.19,0.0,0.29,0.0,0.4,0.08,0.04
227,[164  54 178 178],0.18,0.0,0.25,0.0,0.22,0.34,0.01
228,[167  55 177 177],0.22,0.0,0.34,0.0,0.25,0.18,0.01
229,[169  55 178 178],0.13,0.0,0.3,0.0,0.41,0.14,0.01
230,[171  55 179 179],0.1,0.0,0.27,0.0,0.55,0.07,0.01
231,[175  53 182 182],0.14,0.0,0.17,0.01,0.52,0.15,0.01
232,[178  54 184 184],0.12,0.0,0.15,0.02,0.56,0.12,0.03
233,[177  55 184 184],0.14,0.0,0.17,0.04,0.45,0.17,0.03
234,[176  56 184 184],0.18,0.0,0.19,0.04,0.43,0.14,0.01
235,[172  58 183 183],0.06,0.0,0.07,0.24,0.36,0.04,0.24
236,[170  58 184 184],0.05,0.0,0.08,0.1,0.53,0.01,0.22
237,[169  57 186 186],0.06,0.0,0.1,0.16,0.45,0.03,0.21
238,[169  57 188 188],0.14,0.0,0.2,0.1,0.36,0.18,0.02
239,[174  57 186 186],0.16,0.0,0.29,0.06,0.35,0.08,0.07
240,[178  59 183 183],0.23,0.0,0.43,0.0,0.19,0.02,0.13
241,[177  59 185 185],0.16,0.0,0.4,0.0,0.18,0.01,0.25
242,[175  59 187 187],0.26,0.0,0.41,0.0,0.2,0.01,0.12
243,[171  60 188 188],0.23,0.0,0.48,0.0,0.1,0.16,0.03
244,[168  61 188 188],0.15,0.0,0.51,0.0,0.11,0.2,0.03
245,[165  62 185 185],0.35,0.0,0.31,0.0,0.1,0.23,0.02
246,[162  64 186 186],0.16,0.0,0.4,0.0,0.08,0.34,0.02
247,[156  66 189 189],0.33,0.0,0.44,0.0,0.08,0.1,0.05
248,[156  67 182 182],0.23,0.0,0.46,0.0,0.13,0.1,0.08
249,[157  66 178 178],0.24,0.0,0.41,0.0,0.2,0.05,0.09
250,[156  64 182 182],0.21,0.0,0.23,0.05,0.32,0.03,0.15
251,[160  58 188 188],0.08,0.0,0.05,0.11,0.56,0.05,0.15
252,[164  57 188 188],0.07,0.0,0.04,0.37,0.34,0.03,0.15
253,[169  55 187 187],0.06,0.0,0.04,0.17,0.59,0.03,0.11
254,[173  54 186 186],0.12,0.0,0.06,0.32,0.28,0.07,0.15
255,[177  53 186 186],0.18,0.0,0.08,0.24,0.35,0.07,0.09
256,[178  54 185 185],0.19,0.0,0.08,0.23,0.42,0.06,0.03
257,[178  55 186 186],0.16,0.0,0.1,0.15,0.16,0.43,0.0
258,[179  56 183 183],0.17,0.0,0.09,0.16,0.04,0.55,0.0
259,[177  56 186 186],0.27,0.0,0.09,0.12,0.04,0.48,0.01
260,[181  59 181 181],0.23,0.0,0.23,0.01,0.08,0.36,0.08
261,[179  57 184 184],0.42,0.0,0.23,0.0,0.14,0.06,0.14
262,[180  57 186 186],0.33,0.0,0.28,0.0,0.09,0.08,0.21
263,[181  58 182 182],0.31,0.0,0.23,0.0,0.16,0.07,0.22
264,[183  59 178 178],0.22,0.0,0.18,0.0,0.27,0.11,0.22
265,[184  59 176 176],0.21,0.0,0.18,0.0,0.28,0.07,0.26
266,[184  58 174 174],0.2,0.0,0.24,0.0,0.33,0.05,0.18
267,[182  56 173 173],0.12,0.0,0.07,0.0,0.37,0.01,0.43
268,[179  54 175 175],0.08,0.0,0.1,0.0,0.47,0.01,0.34
269,[175  52 180 180],0.09,0.0,0.11,0.0,0.44,0.01,0.35
270,[176  52 178 178],0.08,0.0,0.09,0.0,0.5,0.0,0.32
271,[175  51 179 179],0.05,0.0,0.11,0.0,0.38,0.0,0.46
272,[174  49 180 180],0.08,0.0,0.09,0.0,0.5,0.0,0.33
273,[172  48 180 180],0.07,0.0,0.1,0.0,0.61,0.01,0.21
274,[172  48 179 179],0.08,0.0,0.12,0.0,0.63,0.01,0.16
275,[172  49 177 177],0.1,0.0,0.05,0.0,0.53,0.0,0.31
276,[172  50 177 177],0.1,0.0,0.03,0.0,0.49,0.0,0.37
277,[172  50 178 178],0.09,0.0,0.04,0.0,0.64,0.01,0.22
278,[171  50 178 178],0.06,0.0,0.06,0.0,0.79,0.02,0.07
279,[170  50 177 177],0.06,0.0,0.06,0.0,0.83,0.02,0.02
280,[169  49 181 181],0.06,0.0,0.04,0.0,0.86,0.01,0.03
281,[167  49 182 182],0.04,0.0,0.06,0.0,0.83,0.02,0.04
282,[168  49 180 180],0.04,0.0,0.06,0.0,0.73,0.02,0.14
283,[169  50 177 177],0.06,0.0,0.02,0.0,0.35,0.0,0.57
284,[168  49 179 179],0.07,0.0,0.04,0.0,0.52,0.01,0.36
285,[166  47 181 181],0.06,0.0,0.07,0.0,0.74,0.02,0.1
286,[166  47 181 181],0.08,0.0,0.07,0.0,0.68,0.03,0.14
287,[165  46 179 179],0.1,0.0,0.1,0.0,0.55,0.08,0.17
288,[164  44 182 182],0.08,0.0,0.07,0.0,0.72,0.03,0.1
289,[164  41 180 180],0.07,0.0,0.09,0.0,0.74,0.03,0.07
290,[163  42 179 179],0.09,0.0,0.09,0.0,0.68,0.06,0.09
291,[164  37 175 175],0.05,0.0,0.11,0.01,0.57,0.08,0.19
292,[166  34 174 174],0.07,0.0,0.07,0.02,0.4,0.13,0.3
293,[169  33 169 169],0.08,0.0,0.08,0.07,0.3,0.18,0.29
294,[168  35 166 166],0.04,0.0,0.15,0.02,0.56,0.12,0.11
295,[168  31 168 168],0.1,0.0,0.26,0.05,0.51,0.04,0.05
296,[165  29 170 170],0.09,0.0,0.35,0.02,0.44,0.08,0.03
297,[161  26 178 178],0.16,0.0,0.29,0.02,0.45,0.04,0.05
298,[165  27 171 171],0.1,0.0,0.41,0.0,0.19,0.11,0.19
299,[162  27 174 174],0.15,0.0,0.32,0.0,0.22,0.12,0.18
300,[161  26 179 179],0.25,0.0,0.32,0.0,0.22,0.12,0.09
301,[159  22 182 182],0.08,0.0,0.41,0.0,0.14,0.3,0.07
302,[158  24 184 184],0.22,0.0,0.35,0.0,0.22,0.17,0.04
303,[157  23 185 185],0.12,0.0,0.23,0.0,0.48,0.07,0.09
304,[155  23 187 187],0.11,0.0,0.21,0.0,0.56,0.04,0.09
305,[155  23 187 187],0.13,0.0,0.15,0.0,0.56,0.06,0.11
306,[155  23 186 186],0.13,0.0,0.14,0.0,0.57,0.06,0.1
307,[153  22 191 191],0.18,0.0,0.17,0.0,0.52,0.06,0.07
308,[152  22 192 192],0.18,0.0,0.16,0.0,0.51,0.06,0.08
309,[152  24 193 193],0.15,0.0,0.19,0.0,0.42,0.15,0.08
310,[153  27 194 194],0.13,0.0,0.19,0.0,0.48,0.15,0.06
311,[155  29 196 196],0.17,0.0,0.14,0.0,0.49,0.12,0.08
312,[155  30 195 195],0.16,0.0,0.17,0.0,0.56,0.09,0.01
313,[152  30 197 197],0.15,0.0,0.14,0.01,0.53,0.11,0.06
314,[154  33 195 195],0.06,0.0,0.11,0.02,0.69,0.04,0.08
315,[151  32 200 200],0.14,0.0,0.12,0.02,0.52,0.03,0.17
316,[151  34 199 199],0.15,0.0,0.1,0.02,0.46,0.04,0.23
317,[151  34 198 198],0.15,0.0,0.1,0.0,0.64,0.02,0.08
318,[150  34 201 201],0.18,0.0,0.13,0.0,0.57,0.02,0.1
319,[153  37 195 195],0.13,0.0,0.08,0.0,0.58,0.01,0.2
320,[151  35 195 195],0.13,0.0,0.03,0.0,0.52,0.0,0.31
321,[153  38 193 193],0.06,0.0,0.03,0.0,0.81,0.0,0.09
322,[151  40 196 196],0.06,0.0,0.04,0.0,0.68,0.01,0.21
323,[154  41 192 192],0.07,0.0,0.07,0.0,0.64,0.01,0.21
324,[154  40 191 191],0.11,0.0,0.08,0.0,0.61,0.01,0.18
325,[154  38 193 193],0.06,0.0,0.05,0.0,0.75,0.01,0.14
326,[156  37 189 189],0.07,0.0,0.07,0.0,0.76,0.02,0.09
327,[159  32 186 186],0.06,0.0,0.16,0.0,0.65,0.01,0.13
328,[162  31 182 182],0.03,0.0,0.17,0.0,0.58,0.01,0.21
329,[162  29 184 184],0.05,0.0,0.12,0.0,0.76,0.01,0.06
330,[162  26 188 188],0.08,0.0,0.08,0.0,0.81,0.01,0.02
331,[164  26 184 184],0.06,0.0,0.08,0.0,0.79,0.01,0.06
332,[165  28 181 181],0.05,0.0,0.21,0.0,0.58,0.04,0.12
333,[165  28 184 184],0.05,0.01,0.14,0.0,0.62,0.01,0.17
334,[166  28 183 183],0.04,0.0,0.16,0.0,0.61,0.02,0.16
335,[170  29 180 180],0.05,0.0,0.13,0.0,0.69,0.03,0.11
336,[169  29 181 181],0.07,0.01,0.13,0.0,0.67,0.01,0.11
337,[171  31 177 177],0.05,0.01,0.17,0.0,0.67,0.01,0.1
338,[171  30 177 177],0.07,0.0,0.15,0.0,0.65,0.01,0.12
339,[172  30 179 179],0.05,0.0,0.11,0.0,0.73,0.01,0.11
340,[171  30 180 180],0.03,0.0,0.09,0.0,0.7,0.01,0.17
341,[174  34 175 175],0.04,0.0,0.17,0.0,0.65,0.01,0.13
342,[176  34 176 176],0.04,0.0,0.22,0.0,0.62,0.02,0.1
343,[179  37 173 173],0.08,0.0,0.18,0.0,0.56,0.0,0.17
344,[176  37 176 176],0.07,0.0,0.2,0.0,0.58,0.0,0.14
345,[174  37 179 179],0.03,0.0,0.12,0.0,0.78,0.01,0.05
346,[174  37 178 178],0.02,0.0,0.07,0.0,0.82,0.0,0.09
347,[176  42 175 175],0.05,0.0,0.05,0.0,0.85,0.0,0.04
348,[174  44 178 178],0.08,0.0,0.07,0.0,0.76,0.01,0.07
349,[174  44 180 180],0.14,0.0,0.09,0.0,0.56,0.01,0.2
350,[171  42 181 181],0.04,0.0,0.05,0.0,0.82,0.0,0.08
351,[171  44 182 182],0.08,0.0,0.07,0.0,0.7,0.0,0.15
352,[172  46 179 179],0.09,0.0,0.08,0.0,0.6,0.0,0.22
353,[170  46 182 182],0.1,0.0,0.07,0.0,0.64,0.01,0.18
354,[168  46 183 183],0.15,0.0,0.1,0.0,0.55,0.0,0.2
355,[166  46 185 185],0.12,0.0,0.03,0.0,0.57,0.0,0.28
356,[165  45 187 187],0.13,0.0,0.03,0.0,0.55,0.0,0.29
357,[167  47 184 184],0.09,0.0,0.05,0.0,0.58,0.0,0.27
358,[167  47 182 182],0.09,0.0,0.1,0.0,0.72,0.04,0.05
359,[166  49 181 181],0.16,0.0,0.03,0.02,0.38,0.01,0.4
360,[165  52 181 181],0.17,0.0,0.06,0.01,0.5,0.0,0.26
361,[166  52 181 181],0.13,0.0,0.05,0.01,0.44,0.0,0.35
362,[166  52 179 179],0.17,0.0,0.05,0.0,0.45,0.0,0.33
363,[163  51 181 181],0.14,0.0,0.06,0.0,0.51,0.01,0.28
364,[164  52 180 180],0.1,0.0,0.07,0.0,0.64,0.01,0.18
365,[163  53 180 180],0.09,0.0,0.06,0.0,0.61,0.0,0.24
366,[162  51 182 182],0.08,0.0,0.06,0.0,0.62,0.01,0.23
367,[160  50 183 183],0.08,0.0,0.08,0.0,0.65,0.01,0.18
368,[160  49 184 184],0.09,0.0,0.08,0.0,0.58,0.01,0.25
369,[160  50 183 183],0.07,0.0,0.08,0.0,0.63,0.01,0.22
370,[162  50 182 182],0.09,0.0,0.07,0.0,0.51,0.01,0.33
371,[160  48 184 184],0.09,0.0,0.08,0.0,0.7,0.02,0.11
372,[161  50 181 181],0.06,0.0,0.06,0.0,0.75,0.02,0.11
373,[159  49 184 184],0.08,0.0,0.07,0.0,0.62,0.02,0.2
374,[160  46 183 183],0.09,0.01,0.03,0.0,0.61,0.04,0.22
375,[162  47 181 181],0.22,0.0,0.07,0.0,0.47,0.16,0.07
376,[160  44 181 181],0.32,0.0,0.09,0.0,0.34,0.19,0.05
377,[158  43 184 184],0.1,0.0,0.07,0.0,0.66,0.05,0.12
378,[159  40 182 182],0.12,0.0,0.08,0.0,0.64,0.04,0.12
379,[158  35 181 181],0.21,0.0,0.11,0.0,0.35,0.11,0.21
380,[159  35 178 178],0.1,0.0,0.1,0.0,0.43,0.15,0.22
381,[160  36 177 177],0.15,0.0,0.1,0.0,0.39,0.07,0.28
382,[158  34 181 181],0.1,0.0,0.09,0.0,0.44,0.05,0.32
383,[160  34 177 177],0.12,0.0,0.17,0.0,0.45,0.11,0.16
384,[157  32 182 182],0.26,0.0,0.13,0.0,0.29,0.26,0.06
385,[156  33 181 181],0.14,0.0,0.11,0.0,0.44,0.27,0.05
386,[158  35 180 180],0.31,0.0,0.04,0.0,0.45,0.08,0.12
387,[157  39 183 183],0.12,0.0,0.03,0.0,0.31,0.02,0.51
388,[156  39 185 185],0.11,0.0,0.07,0.0,0.47,0.04,0.31
389,[156  39 186 186],0.23,0.0,0.14,0.0,0.45,0.1,0.07
390,[157  40 186 186],0.37,0.0,0.18,0.0,0.28,0.14,0.03
391,[152  41 193 193],0.3,0.0,0.1,0.0,0.44,0.04,0.11
392,[153  42 192 192],0.3,0.0,0.11,0.0,0.46,0.05,0.08
393,[153  42 192 192],0.26,0.0,0.1,0.0,0.55,0.03,0.06
394,[155  43 190 190],0.23,0.0,0.08,0.0,0.57,0.02,0.1
395,[151  43 196 196],0.11,0.0,0.06,0.0,0.65,0.02,0.17
396,[151  44 195 195],0.15,0.0,0.06,0.0,0.67,0.01,0.11
397,[150  43 197 197],0.23,0.0,0.11,0.0,0.58,0.01,0.07
398,[151  44 198 198],0.24,0.0,0.11,0.0,0.49,0.03,0.13
399,[152  44 195 195],0.11,0.0,0.14,0.01,0.59,0.06,0.1
400,[153  43 194 194],0.1,0.0,0.19,0.02,0.52,0.1,0.06
401,[152  41 197 197],0.13,0.0,0.13,0.03,0.57,0.09,0.06
402,[156  41 196 196],0.24,0.0,0.12,0.01,0.31,0.02,0.29
403,[156  42 198 198],0.18,0.0,0.17,0.01,0.48,0.04,0.11
404,[160  44 194 194],0.24,0.0,0.2,0.0,0.45,0.09,0.02
405,[161  44 195 195],0.19,0.0,0.16,0.02,0.51,0.06,0.07
406,[163  44 193 193],0.14,0.0,0.15,0.02,0.45,0.02,0.23
407,[164  43 193 193],0.11,0.0,0.04,0.0,0.74,0.02,0.08
408,[165  42 192 192],0.06,0.0,0.04,0.01,0.74,0.02,0.13
409,[165  44 192 192],0.08,0.0,0.07,0.01,0.66,0.01,0.17
410,[166  44 191 191],0.06,0.0,0.09,0.01,0.66,0.01,0.16
411,[165  43 191 191],0.11,0.0,0.08,0.0,0.65,0.03,0.13
412,[164  44 190 190],0.07,0.0,0.07,0.0,0.74,0.01,0.1
413,[164  46 190 190],0.11,0.0,0.07,0.0,0.69,0.02,0.11
414,[165  48 186 186],0.15,0.0,0.08,0.0,0.57,0.01,0.19
415,[163  48 187 187],0.08,0.0,0.1,0.0,0.54,0.0,0.27
416,[163  48 186 186],0.09,0.0,0.12,0.0,0.56,0.0,0.23
417,[161  46 189 189],0.09,0.0,0.09,0.0,0.7,0.0,0.12
418,[163  50 181 181],0.09,0.0,0.05,0.01,0.52,0.0,0.32
419,[164  52 177 177],0.08,0.0,0.06,0.01,0.49,0.01,0.35
420,[164  53 176 176],0.08,0.0,0.08,0.01,0.55,0.01,0.27
421,[164  51 177 177],0.07,0.0,0.05,0.0,0.77,0.01,0.09
422,[161  49 181 181],0.08,0.0,0.04,0.0,0.85,0.01,0.01
423,[159  48 180 180],0.06,0.0,0.03,0.0,0.88,0.01,0.03
424,[161  49 178 178],0.05,0.0,0.03,0.0,0.9,0.01,0.01
425,[161  50 172 172],0.03,0.0,0.03,0.0,0.89,0.02,0.03
426,[161  46 173 173],0.06,0.0,0.04,0.0,0.88,0.01,0.01
427,[161  42 172 172],0.04,0.0,0.05,0.0,0.85,0.03,0.03
428,[159  41 173 173],0.08,0.0,0.07,0.01,0.73,0.09,0.02
429,[161  39 170 170],0.05,0.0,0.06,0.01,0.77,0.09,0.02
430,[161  40 169 169],0.18,0.0,0.18,0.01,0.48,0.05,0.1
431,[161  42 167 167],0.17,0.0,0.12,0.01,0.37,0.04,0.28
432,[161  41 169 169],0.12,0.0,0.06,0.0,0.66,0.01,0.15
433,[163  41 167 167],0.11,0.0,0.1,0.0,0.6,0.01,0.16
434,[164  42 172 172],0.1,0.0,0.07,0.0,0.7,0.01,0.13
435,[164  45 172 172],0.08,0.0,0.03,0.0,0.5,0.0,0.39
436,[163  46 176 176],0.12,0.0,0.04,0.0,0.58,0.0,0.26
437,[163  49 178 178],0.07,0.0,0.05,0.0,0.79,0.01,0.08
438,[164  59 178 178],0.08,0.0,0.11,0.0,0.72,0.05,0.04
439,[162  62 181 181],0.15,0.0,0.15,0.0,0.64,0.04,0.02
440,[164  65 178 178],0.14,0.0,0.22,0.0,0.48,0.14,0.02
441,[164  66 179 179],0.19,0.0,0.28,0.0,0.3,0.22,0.02
442,[163  68 183 183],0.14,0.0,0.22,0.0,0.51,0.09,0.05
443,[163  67 185 185],0.19,0.0,0.29,0.0,0.38,0.05,0.08
444,[163  69 183 183],0.08,0.0,0.09,0.0,0.45,0.0,0.38
445,[163  67 185 185],0.04,0.0,0.06,0.0,0.31,0.0,0.59
446,[162  66 185 185],0.06,0.0,0.14,0.01,0.63,0.02,0.13
447,[163  64 185 185],0.04,0.0,0.06,0.01,0.81,0.02,0.06
448,[161  62 188 188],0.06,0.0,0.07,0.01,0.77,0.02,0.06
449,[161  64 188 188],0.07,0.0,0.09,0.0,0.74,0.01,0.08
450,[163  61 187 187],0.05,0.0,0.09,0.0,0.79,0.01,0.06
451,[163  61 186 186],0.07,0.0,0.12,0.0,0.7,0.01,0.11
452,[162  62 187 187],0.06,0.0,0.15,0.0,0.51,0.01,0.26
453,[162  61 186 186],0.06,0.0,0.11,0.0,0.66,0.01,0.16
454,[162  58 187 187],0.06,0.0,0.09,0.0,0.74,0.0,0.11
455,[161  56 188 188],0.11,0.0,0.13,0.0,0.62,0.0,0.14
456,[162  55 186 186],0.1,0.0,0.13,0.0,0.61,0.01,0.15
457,[163  55 184 184],0.05,0.0,0.09,0.0,0.74,0.01,0.12
458,[167  54 181 181],0.05,0.0,0.08,0.0,0.77,0.01,0.09
459,[167  52 180 180],0.05,0.0,0.05,0.0,0.78,0.0,0.12
460,[167  50 181 181],0.05,0.0,0.04,0.0,0.85,0.0,0.05
461,[168  48 181 181],0.07,0.01,0.07,0.0,0.82,0.0,0.03
462,[167  45 183 183],0.06,0.0,0.03,0.0,0.89,0.01,0.0
463,[169  44 180 180],0.05,0.0,0.04,0.0,0.89,0.01,0.01
464,[170  45 178 178],0.02,0.0,0.03,0.0,0.92,0.01,0.02
465,[171  45 177 177],0.03,0.0,0.04,0.0,0.84,0.0,0.08
466,[171  45 177 177],0.03,0.0,0.02,0.01,0.78,0.01,0.14
467,[172  45 177 177],0.03,0.0,0.02,0.03,0.72,0.0,0.19
468,[169  44 182 182],0.07,0.0,0.04,0.04,0.8,0.04,0.02
469,[169  44 183 183],0.04,0.0,0.03,0.03,0.87,0.01,0.02
470,[166  46 190 190],0.04,0.0,0.02,0.09,0.8,0.01,0.03
471,[169  51 184 184],0.03,0.0,0.03,0.04,0.85,0.03,0.03
472,[167  53 186 186],0.04,0.0,0.03,0.09,0.77,0.01,0.06
473,[167  55 185 185],0.03,0.0,0.01,0.07,0.8,0.01,0.08
474,[167  55 183 183],0.04,0.0,0.02,0.1,0.75,0.01,0.07
475,[168  56 181 181],0.05,0.0,0.03,0.09,0.73,0.01,0.08
476,[165  55 184 184],0.08,0.0,0.05,0.05,0.73,0.01,0.09
477,[167  56 183 183],0.07,0.0,0.04,0.02,0.74,0.01,0.11
478,[164  55 184 184],0.09,0.0,0.09,0.01,0.7,0.01,0.1
479,[164  54 186 186],0.09,0.0,0.09,0.0,0.65,0.01,0.16
480,[165  54 184 184],0.11,0.0,0.11,0.0,0.64,0.01,0.12
481,[163  54 185 185],0.07,0.0,0.13,0.0,0.6,0.01,0.19
482,[165  54 186 186],0.08,0.0,0.09,0.0,0.62,0.01,0.21
483,[164  53 187 187],0.07,0.0,0.12,0.0,0.66,0.01,0.15
484,[166  54 184 184],0.08,0.0,0.11,0.0,0.57,0.01,0.23
485,[166  54 185 185],0.06,0.0,0.08,0.0,0.57,0.0,0.28
486,[166  54 186 186],0.04,0.0,0.05,0.0,0.66,0.0,0.25
487,[167  54 184 184],0.09,0.0,0.06,0.0,0.7,0.01,0.14
488,[166  53 186 186],0.11,0.0,0.11,0.0,0.61,0.02,0.15
489,[167  55 184 184],0.09,0.0,0.07,0.0,0.66,0.01,0.17
490,[167  54 184 184],0.11,0.0,0.1,0.0,0.56,0.01,0.22
491,[166  53 185 185],0.09,0.0,0.1,0.0,0.49,0.01,0.31
492,[167  52 184 184],0.11,0.0,0.12,0.0,0.59,0.01,0.18
493,[165  51 185 185],0.06,0.0,0.12,0.0,0.65,0.01,0.17
494,[161  45 191 191],0.08,0.0,0.13,0.0,0.58,0.01,0.2
495,[164  48 186 186],0.17,0.0,0.05,0.0,0.37,0.0,0.4
496,[164  45 185 185],0.13,0.0,0.03,0.0,0.58,0.0,0.25
497,[165  44 182 182],0.13,0.0,0.04,0.0,0.4,0.01,0.42
498,[165  38 184 184],0.14,0.0,0.05,0.0,0.5,0.01,0.31
499,[165  36 187 187],0.17,0.0,0.14,0.0,0.62,0.01,0.06
500,[165  35 186 186],0.12,0.0,0.36,0.0,0.42,0.08,0.01
501,[167  34 186 186],0.17,0.0,0.26,0.0,0.36,0.2,0.01
502,[167  38 180 180],0.15,0.0,0.13,0.0,0.5,0.03,0.2
503,[166  38 181 181],0.17,0.0,0.11,0.0,0.46,0.03,0.23
504,[165  38 179 179],0.15,0.0,0.14,0.0,0.58,0.04,0.1
505,[165  38 181 181],0.19,0.0,0.3,0.0,0.35,0.1,0.06
506,[167  38 180 180],0.28,0.0,0.13,0.0,0.39,0.09,0.11
507,[167  39 181 181],0.23,0.0,0.17,0.0,0.38,0.11,0.11
508,[168  38 183 183],0.16,0.0,0.17,0.0,0.44,0.09,0.15
509,[168  39 181 181],0.08,0.0,0.13,0.0,0.62,0.1,0.07
510,[169  38 185 185],0.19,0.0,0.12,0.0,0.36,0.1,0.22
511,[166  37 191 191],0.17,0.0,0.06,0.0,0.32,0.03,0.42
512,[168  39 186 186],0.33,0.0,0.03,0.0,0.31,0.03,0.31
513,[164  40 189 189],0.19,0.0,0.03,0.0,0.41,0.01,0.37
514,[165  42 186 186],0.09,0.0,0.04,0.01,0.31,0.0,0.56
515,[166  44 186 186],0.07,0.0,0.03,0.01,0.34,0.0,0.54
516,[167  44 185 185],0.08,0.0,0.04,0.01,0.28,0.0,0.59
517,[164  44 189 189],0.1,0.0,0.04,0.0,0.46,0.01,0.38
518,[166  45 187 187],0.05,0.0,0.03,0.0,0.63,0.0,0.28
519,[164  45 188 188],0.08,0.0,0.05,0.0,0.7,0.0,0.15
520,[165  47 186 186],0.06,0.0,0.06,0.0,0.73,0.01,0.14
521,[164  47 188 188],0.07,0.0,0.06,0.0,0.68,0.01,0.18
522,[165  49 185 185],0.06,0.0,0.06,0.0,0.8,0.0,0.08
523,[163  49 186 186],0.09,0.0,0.06,0.0,0.67,0.0,0.17
524,[164  50 185 185],0.05,0.0,0.06,0.0,0.69,0.0,0.19
525,[165  52 182 182],0.09,0.0,0.11,0.0,0.73,0.01,0.05
526,[164  51 185 185],0.06,0.0,0.08,0.0,0.81,0.02,0.02
527,[164  51 185 185],0.06,0.0,0.11,0.0,0.78,0.01,0.04
528,[163  52 186 186],0.06,0.0,0.11,0.0,0.76,0.02,0.04
529,[164  54 183 183],0.07,0.0,0.11,0.0,0.74,0.01,0.07
530,[165  55 184 184],0.07,0.0,0.09,0.0,0.37,0.0,0.46
531,[165  54 185 185],0.04,0.0,0.05,0.0,0.3,0.0,0.6
532,[165  54 186 186],0.04,0.0,0.04,0.0,0.39,0.0,0.53
533,[165  55 183 183],0.06,0.0,0.08,0.0,0.37,0.0,0.48
534,[167  56 183 183],0.06,0.0,0.13,0.0,0.44,0.0,0.37
535,[165  53 187 187],0.08,0.0,0.12,0.0,0.58,0.0,0.22
536,[168  55 184 184],0.05,0.0,0.14,0.0,0.57,0.01,0.24
537,[172  56 178 178],0.08,0.0,0.14,0.0,0.56,0.01,0.21
538,[171  49 183 183],0.03,0.0,0.05,0.0,0.73,0.0,0.19
539,[171  45 185 185],0.07,0.0,0.07,0.0,0.7,0.0,0.16
540,[173  43 180 180],0.09,0.0,0.1,0.0,0.7,0.01,0.1
541,[171  40 183 183],0.11,0.0,0.1,0.0,0.69,0.01,0.09
542,[170  39 181 181],0.14,0.01,0.08,0.0,0.66,0.01,0.11
543,[172  41 173 173],0.12,0.0,0.06,0.0,0.8,0.0,0.02
544,[172  41 174 174],0.1,0.0,0.04,0.0,0.82,0.0,0.03
545,[173  41 174 174],0.09,0.0,0.04,0.0,0.86,0.01,0.01
546,[172  42 172 172],0.03,0.0,0.02,0.0,0.94,0.0,0.01
547,[173  42 172 172],0.06,0.0,0.05,0.0,0.87,0.01,0.01
548,[174  44 169 169],0.05,0.0,0.04,0.0,0.9,0.01,0.01
549,[173  46 169 169],0.05,0.0,0.04,0.0,0.87,0.01,0.03
550,[172  45 170 170],0.05,0.0,0.05,0.0,0.89,0.01,0.01
551,[174  47 166 166],0.06,0.0,0.04,0.0,0.89,0.01,0.01
552,[171  46 166 166],0.03,0.0,0.07,0.0,0.87,0.01,0.02
553,[170  47 165 165],0.05,0.0,0.18,0.0,0.7,0.02,0.05
554,[162  47 167 167],0.15,0.0,0.12,0.0,0.55,0.01,0.17
555,[161  49 163 163],0.19,0.0,0.18,0.0,0.55,0.01,0.08
556,[162  49 162 162],0.21,0.0,0.11,0.0,0.57,0.01,0.1
557,[163  45 168 168],0.11,0.0,0.09,0.0,0.75,0.04,0.01
558,[165  45 168 168],0.14,0.0,0.1,0.0,0.57,0.19,0.0
559,[164  47 166 166],0.06,0.0,0.14,0.0,0.74,0.05,0.0
560,[162  47 168 168],0.27,0.0,0.18,0.0,0.47,0.01,0.07
561,[162  47 167 167],0.17,0.0,0.25,0.0,0.49,0.01,0.09
562,[160  37 177 177],0.22,0.0,0.27,0.0,0.42,0.02,0.07
563,[162  34 176 176],0.13,0.0,0.29,0.0,0.42,0.12,0.04
564,[165  33 172 172],0.11,0.0,0.29,0.0,0.48,0.1,0.02
565,[164  29 175 175],0.12,0.0,0.25,0.0,0.57,0.03,0.03
566,[162  24 182 182],0.07,0.0,0.14,0.0,0.76,0.01,0.02
567,[163  24 180 180],0.06,0.0,0.12,0.0,0.73,0.08,0.0
568,[163  24 181 181],0.08,0.0,0.17,0.0,0.62,0.13,0.0
569,[163  24 180 180],0.15,0.0,0.14,0.0,0.5,0.2,0.0
570,[163  24 182 182],0.19,0.0,0.16,0.0,0.52,0.12,0.0
571,[163  24 184 184],0.06,0.0,0.11,0.0,0.69,0.13,0.0
572,[164  24 184 184],0.03,0.0,0.1,0.0,0.81,0.05,0.0
573,[162  24 187 187],0.04,0.0,0.12,0.01,0.75,0.06,0.02
574,[164  27 184 184],0.06,0.0,0.17,0.01,0.69,0.05,0.02
575,[162  29 185 185],0.06,0.0,0.11,0.0,0.79,0.02,0.01
576,[161  33 182 182],0.03,0.0,0.06,0.0,0.9,0.0,0.01
577,[159  37 185 185],0.11,0.0,0.11,0.0,0.72,0.0,0.05
578,[157  48 178 178],0.1,0.0,0.17,0.0,0.69,0.0,0.03
579,[153  51 178 178],0.12,0.0,0.13,0.0,0.7,0.0,0.05
580,[152  57 178 178],0.12,0.0,0.12,0.0,0.66,0.0,0.1
581,[149  58 181 181],0.12,0.0,0.13,0.0,0.63,0.0,0.12
582,[149  62 178 178],0.12,0.0,0.2,0.0,0.55,0.0,0.13
583,[148  63 182 182],0.11,0.0,0.27,0.01,0.47,0.0,0.14
584,[148  62 185 185],0.14,0.0,0.27,0.04,0.39,0.01,0.16
585,[149  64 184 184],0.11,0.0,0.36,0.02,0.37,0.01,0.13
586,[148  63 192 192],0.12,0.0,0.3,0.06,0.33,0.01,0.18
587,[150  66 187 187],0.12,0.0,0.29,0.05,0.38,0.01,0.15
588,[149  64 190 190],0.14,0.0,0.28,0.2,0.26,0.02,0.09
589,[149  65 189 189],0.19,0.0,0.32,0.14,0.25,0.03,0.06
590,[149  65 193 193],0.16,0.0,0.36,0.08,0.32,0.03,0.06
591,[148  64 195 195],0.17,0.0,0.28,0.17,0.26,0.03,0.08
592,[149  62 193 193],0.2,0.0,0.27,0.12,0.31,0.03,0.07
593,[148  61 197 197],0.18,0.0,0.15,0.05,0.52,0.01,0.09
594,[147  56 202 202],0.15,0.0,0.14,0.02,0.6,0.01,0.08
595,[146  53 204 204],0.14,0.0,0.13,0.02,0.5,0.01,0.21
596,[145  50 209 209],0.17,0.0,0.16,0.01,0.38,0.02,0.25
597,[148  50 203 203],0.11,0.0,0.12,0.0,0.58,0.01,0.19
598,[152  51 197 197],0.1,0.0,0.16,0.0,0.47,0.01,0.25
599,[152  50 195 195],0.18,0.0,0.14,0.0,0.54,0.01,0.13
600,[154  48 197 197],0.24,0.0,0.11,0.0,0.55,0.02,0.09
601,[156  49 194 194],0.2,0.0,0.16,0.0,0.49,0.02,0.13
602,[158  47 189 189],0.3,0.0,0.14,0.0,0.46,0.03,0.07
603,[156  43 194 194],0.2,0.0,0.13,0.0,0.55,0.06,0.06
604,[157  41 191 191],0.15,0.0,0.13,0.0,0.56,0.13,0.03
605,[156  33 191 191],0.15,0.0,0.11,0.0,0.48,0.25,0.01
606,[159  25 189 189],0.09,0.0,0.14,0.0,0.68,0.04,0.05
607,[159  20 188 188],0.07,0.0,0.15,0.0,0.72,0.01,0.05
608,[160  19 184 184],0.07,0.0,0.21,0.0,0.64,0.01,0.07
609,[161  18 184 184],0.03,0.0,0.16,0.0,0.73,0.01,0.06
610,[163  21 180 180],0.02,0.0,0.04,0.0,0.93,0.0,0.0
611,[164  22 178 178],0.1,0.0,0.06,0.0,0.81,0.01,0.0
612,[165  21 177 177],0.19,0.0,0.1,0.01,0.68,0.01,0.0
613,[163  19 182 182],0.22,0.0,0.44,0.0,0.16,0.16,0.01
614,[165  17 181 181],0.14,0.0,0.28,0.0,0.1,0.45,0.03
615,[164  18 181 181],0.18,0.0,0.28,0.0,0.15,0.33,0.06
616,[164  20 179 179],0.24,0.0,0.27,0.0,0.33,0.03,0.12
617,[166  22 174 174],0.1,0.0,0.14,0.0,0.6,0.02,0.14
618,[164  25 178 178],0.05,0.0,0.11,0.0,0.81,0.02,0.02
619,[165  27 179 179],0.02,0.0,0.06,0.0,0.9,0.01,0.01
620,[164  30 182 182],0.03,0.0,0.06,0.06,0.78,0.02,0.05
621,[165  39 184 184],0.02,0.0,0.02,0.46,0.38,0.0,0.11
622,[166  44 186 186],0.01,0.0,0.0,0.82,0.08,0.0,0.08
623,[167  50 186 186],0.01,0.0,0.01,0.81,0.05,0.05,0.07
624,[167  55 191 191],0.04,0.0,0.03,0.72,0.03,0.17,0.01
625,[170  58 196 196],0.29,0.0,0.17,0.23,0.21,0.05,0.05
626,[171  57 196 196],0.32,0.0,0.16,0.01,0.37,0.01,0.13
627,[171  56 202 202],0.15,0.0,0.24,0.0,0.46,0.0,0.15
628,[172  55 202 202],0.13,0.0,0.22,0.0,0.44,0.0,0.21
629,[173  53 205 205],0.23,0.0,0.17,0.0,0.37,0.0,0.23
630,[174  53 204 204],0.21,0.0,0.18,0.0,0.3,0.0,0.3
631,[175  53 202 202],0.23,0.0,0.26,0.0,0.27,0.0,0.24
632,[174  52 204 204],0.2,0.0,0.19,0.0,0.34,0.0,0.26
633,[173  54 202 202],0.23,0.0,0.1,0.0,0.38,0.0,0.28
634,[173  52 200 200],0.16,0.0,0.25,0.0,0.33,0.0,0.26
635,[173  52 199 199],0.1,0.0,0.42,0.0,0.3,0.01,0.16
636,[173  52 199 199],0.11,0.0,0.4,0.01,0.34,0.01,0.13
637,[173  52 200 200],0.16,0.0,0.18,0.01,0.23,0.01,0.41
638,[171  50 201 201],0.17,0.0,0.2,0.01,0.46,0.01,0.15
639,[172  53 198 198],0.09,0.0,0.17,0.0,0.26,0.0,0.47
640,[171  53 195 195],0.18,0.0,0.28,0.01,0.28,0.0,0.24
641,[172  52 196 196],0.16,0.0,0.47,0.01,0.33,0.01,0.03
642,[170  51 198 198],0.24,0.0,0.39,0.01,0.31,0.02,0.03
643,[169  50 199 199],0.28,0.0,0.29,0.01,0.34,0.01,0.07
644,[170  51 197 197],0.21,0.0,0.23,0.02,0.38,0.0,0.16
645,[171  52 196 196],0.21,0.0,0.26,0.01,0.42,0.01,0.1
646,[171  50 198 198],0.32,0.0,0.23,0.02,0.4,0.01,0.02
647,[171  52 195 195],0.23,0.0,0.35,0.03,0.29,0.09,0.01
648,[170  51 197 197],0.18,0.0,0.23,0.1,0.35,0.12,0.02
649,[170  52 198 198],0.26,0.0,0.08,0.02,0.57,0.01,0.05
650,[171  53 193 193],0.17,0.0,0.13,0.06,0.49,0.02,0.12
651,[170  50 196 196],0.07,0.0,0.06,0.01,0.47,0.0,0.4
652,[167  49 197 197],0.07,0.0,0.04,0.01,0.22,0.0,0.67
653,[168  48 198 198],0.06,0.0,0.02,0.0,0.15,0.0,0.77
654,[167  47 200 200],0.08,0.0,0.02,0.0,0.13,0.0,0.76
655,[166  46 203 203],0.07,0.0,0.03,0.0,0.17,0.0,0.73
656,[166  45 202 202],0.11,0.0,0.04,0.0,0.15,0.0,0.7
657,[166  45 199 199],0.08,0.0,0.03,0.0,0.14,0.0,0.75
658,[161  41 197 197],0.25,0.0,0.02,0.0,0.18,0.0,0.55
659,[155  37 191 191],0.23,0.0,0.06,0.0,0.23,0.02,0.46
660,[154  38 180 180],0.22,0.0,0.17,0.0,0.33,0.03,0.25
661,[149  31 185 185],0.09,0.0,0.33,0.0,0.32,0.22,0.04
662,[148  28 190 190],0.12,0.0,0.2,0.0,0.35,0.25,0.07
663,[149  28 186 186],0.09,0.0,0.34,0.0,0.32,0.18,0.07
664,[146  28 187 187],0.11,0.0,0.29,0.0,0.2,0.35,0.04
665,[143  26 190 190],0.28,0.0,0.18,0.0,0.15,0.29,0.09
666,[148  29 185 185],0.13,0.0,0.2,0.0,0.08,0.56,0.03
667,[145  29 190 190],0.19,0.0,0.32,0.0,0.08,0.39,0.02
668,[146  32 189 189],0.24,0.0,0.2,0.0,0.35,0.17,0.05
669,[143  34 195 195],0.35,0.0,0.18,0.0,0.32,0.06,0.08
670,[143  35 200 200],0.3,0.0,0.16,0.0,0.38,0.08,0.09
671,[146  38 199 199],0.25,0.0,0.05,0.0,0.55,0.01,0.14
672,[148  42 200 200],0.16,0.0,0.04,0.0,0.28,0.0,0.5
673,[147  42 204 204],0.09,0.0,0.05,0.0,0.25,0.0,0.6
674,[146  43 204 204],0.08,0.0,0.07,0.0,0.26,0.01,0.58
675,[147  40 204 204],0.07,0.0,0.11,0.03,0.56,0.01,0.21
676,[146  39 208 208],0.1,0.0,0.09,0.04,0.33,0.02,0.44
677,[146  39 206 206],0.14,0.0,0.12,0.0,0.37,0.01,0.36
678,[147  40 205 205],0.14,0.0,0.1,0.0,0.25,0.01,0.5
679,[148  41 202 202],0.1,0.0,0.13,0.0,0.25,0.02,0.51
680,[148  40 203 203],0.12,0.0,0.11,0.0,0.26,0.01,0.49
681,[148  40 203 203],0.12,0.0,0.2,0.0,0.4,0.04,0.24
682,[149  41 202 202],0.14,0.0,0.24,0.0,0.26,0.06,0.3
683,[148  38 205 205],0.2,0.0,0.17,0.0,0.2,0.06,0.37
684,[147  37 208 208],0.2,0.0,0.17,0.0,0.32,0.03,0.28
685,[151  40 205 205],0.15,0.0,0.08,0.0,0.27,0.01,0.49
686,[151  40 203 203],0.13,0.0,0.13,0.0,0.46,0.01,0.28
687,[151  38 206 206],0.13,0.0,0.1,0.0,0.37,0.01,0.39
688,[151  38 205 205],0.19,0.0,0.09,0.0,0.44,0.0,0.27
689,[151  40 204 204],0.15,0.0,0.08,0.0,0.38,0.01,0.37
690,[153  42 201 201],0.15,0.0,0.13,0.0,0.4,0.01,0.31
691,[151  40 205 205],0.07,0.0,0.03,0.0,0.6,0.0,0.29
692,[151  41 203 203],0.05,0.0,0.03,0.0,0.67,0.0,0.24
693,[153  41 200 200],0.06,0.0,0.08,0.0,0.69,0.0,0.17
694,[155  43 196 196],0.08,0.0,0.06,0.0,0.6,0.01,0.24
695,[156  43 195 195],0.11,0.0,0.08,0.0,0.53,0.01,0.27
696,[156  43 194 194],0.07,0.0,0.09,0.0,0.58,0.01,0.25
697,[155  38 195 195],0.12,0.0,0.06,0.0,0.53,0.03,0.26
698,[155  36 193 193],0.12,0.0,0.09,0.0,0.65,0.04,0.09
699,[155  33 191 191],0.15,0.0,0.09,0.0,0.66,0.03,0.06
700,[156  30 187 187],0.1,0.0,0.09,0.0,0.71,0.02,0.09
701,[154  25 190 190],0.08,0.0,0.14,0.0,0.61,0.04,0.13
702,[158  27 183 183],0.07,0.0,0.15,0.0,0.62,0.05,0.11
703,[156  26 187 187],0.12,0.0,0.16,0.0,0.54,0.05,0.13
704,[159  28 182 182],0.11,0.0,0.14,0.0,0.62,0.08,0.05
705,[160  29 183 183],0.13,0.0,0.09,0.0,0.53,0.02,0.23
706,[162  30 184 184],0.1,0.0,0.06,0.01,0.57,0.02,0.23
707,[165  32 181 181],0.07,0.0,0.05,0.01,0.72,0.01,0.14
708,[166  37 183 183],0.03,0.0,0.04,0.0,0.81,0.01,0.12
709,[168  41 184 184],0.07,0.0,0.04,0.0,0.69,0.0,0.2
710,[169  43 185 185],0.05,0.0,0.04,0.0,0.7,0.0,0.21
711,[169  45 185 185],0.09,0.0,0.05,0.0,0.65,0.0,0.21
712,[170  46 187 187],0.09,0.0,0.02,0.0,0.37,0.0,0.51
713,[171  49 187 187],0.11,0.0,0.04,0.0,0.41,0.0,0.44
714,[171  51 187 187],0.14,0.0,0.09,0.02,0.58,0.03,0.14
715,[172  51 185 185],0.09,0.0,0.03,0.0,0.52,0.0,0.35
716,[170  53 184 184],0.13,0.0,0.04,0.0,0.31,0.0,0.52
717,[168  50 184 184],0.12,0.0,0.05,0.0,0.45,0.0,0.38
718,[165  48 187 187],0.1,0.0,0.07,0.0,0.69,0.0,0.14
719,[164  47 185 185],0.1,0.0,0.14,0.0,0.64,0.02,0.1
720,[165  44 182 182],0.15,0.0,0.22,0.0,0.39,0.21,0.02
721,[165  41 176 176],0.03,0.0,0.03,0.0,0.01,0.93,0.0
722,[165  41 175 175],0.11,0.0,0.06,0.0,0.01,0.81,0.0
723,[164  40 177 177],0.03,0.0,0.05,0.0,0.0,0.91,0.0
724,[164  38 175 175],0.09,0.0,0.05,0.0,0.01,0.85,0.0
725,[163  37 182 182],0.11,0.0,0.12,0.0,0.02,0.75,0.0
726,[164  40 176 176],0.12,0.0,0.34,0.0,0.06,0.48,0.0
727,[164  38 179 179],0.22,0.0,0.37,0.0,0.33,0.07,0.01
728,[165  38 177 177],0.21,0.0,0.23,0.0,0.47,0.04,0.06
729,[167  31 177 177],0.14,0.0,0.18,0.0,0.49,0.16,0.03
730,[166  30 180 180],0.12,0.0,0.18,0.0,0.55,0.12,0.03
731,[169  28 177 177],0.08,0.0,0.16,0.0,0.48,0.12,0.16
732,[167  27 180 180],0.15,0.0,0.17,0.0,0.46,0.07,0.14
733,[166  23 189 189],0.19,0.0,0.16,0.0,0.55,0.07,0.04
734,[166  23 189 189],0.11,0.0,0.06,0.0,0.65,0.03,0.15
735,[164  22 193 193],0.08,0.0,0.05,0.01,0.54,0.02,0.3
736,[163  23 192 192],0.04,0.0,0.09,0.03,0.39,0.44,0.02
737,[161  25 194 194],0.27,0.0,0.09,0.02,0.34,0.22,0.07
738,[162  24 195 195],0.59,0.0,0.04,0.0,0.25,0.05,0.08
739,[159  24 198 198],0.32,0.0,0.04,0.0,0.36,0.06,0.22
740,[161  28 197 197],0.35,0.0,0.05,0.0,0.35,0.03,0.22
741,[158  28 200 200],0.2,0.0,0.11,0.0,0.49,0.08,0.13
742,[156  28 203 203],0.31,0.0,0.14,0.0,0.31,0.14,0.1
743,[157  30 199 199],0.34,0.0,0.04,0.0,0.32,0.02,0.28
744,[157  29 201 201],0.3,0.0,0.02,0.0,0.38,0.01,0.3
745,[157  30 198 198],0.18,0.0,0.03,0.0,0.36,0.01,0.42
746,[156  29 200 200],0.16,0.0,0.08,0.0,0.61,0.03,0.12
747,[160  32 192 192],0.22,0.0,0.16,0.0,0.41,0.16,0.06
748,[161  32 192 192],0.33,0.0,0.15,0.0,0.31,0.14,0.07
749,[159  30 192 192],0.1,0.0,0.06,0.08,0.38,0.34,0.03
750,[159  29 194 194],0.04,0.0,0.08,0.09,0.13,0.65,0.01
751,[161  29 191 191],0.07,0.0,0.13,0.06,0.37,0.36,0.01
752,[162  27 192 192],0.09,0.0,0.17,0.05,0.26,0.42,0.02
753,[163  24 192 192],0.23,0.0,0.27,0.0,0.16,0.25,0.09
754,[166  25 186 186],0.19,0.0,0.33,0.0,0.24,0.17,0.06
755,[169  26 185 185],0.2,0.0,0.22,0.0,0.3,0.06,0.22
756,[170  25 183 183],0.13,0.0,0.17,0.0,0.37,0.06,0.26
757,[178  31 175 175],0.12,0.0,0.23,0.0,0.2,0.16,0.29
758,[177  33 174 174],0.16,0.0,0.19,0.0,0.27,0.09,0.28
759,[178  35 174 174],0.18,0.0,0.09,0.0,0.25,0.04,0.44
760,[180  40 171 171],0.18,0.0,0.18,0.0,0.37,0.08,0.18
761,[179  46 172 172],0.15,0.0,0.19,0.0,0.47,0.05,0.14
762,[180  50 170 170],0.18,0.0,0.16,0.0,0.49,0.06,0.1
763,[180  53 172 172],0.22,0.0,0.29,0.0,0.36,0.07,0.07
764,[179  55 174 174],0.33,0.0,0.25,0.0,0.3,0.05,0.06
765,[180  56 173 173],0.23,0.0,0.35,0.0,0.24,0.08,0.09
766,[182  58 171 171],0.24,0.0,0.21,0.0,0.34,0.06,0.16
767,[183  58 170 170],0.26,0.0,0.14,0.0,0.18,0.07,0.34
768,[186  60 166 166],0.21,0.0,0.16,0.0,0.2,0.05,0.39
769,[194  56 160 160],0.05,0.0,0.13,0.0,0.41,0.01,0.4
770,[196  56 159 159],0.08,0.0,0.08,0.0,0.3,0.01,0.54
771,[200  55 159 159],0.06,0.0,0.16,0.0,0.31,0.01,0.46
772,[197  53 161 161],0.08,0.0,0.21,0.0,0.34,0.02,0.34
773,[197  57 158 158],0.12,0.0,0.08,0.0,0.26,0.01,0.54
774,[194  57 161 161],0.1,0.0,0.05,0.0,0.29,0.0,0.56
775,[193  58 160 160],0.11,0.0,0.02,0.0,0.36,0.0,0.51
776,[192  56 163 163],0.14,0.0,0.07,0.0,0.54,0.01,0.24
777,[189  55 168 168],0.19,0.0,0.04,0.08,0.31,0.01,0.38
778,[189  54 168 168],0.2,0.0,0.04,0.06,0.38,0.01,0.31
779,[189  54 170 170],0.16,0.0,0.03,0.12,0.28,0.01,0.41
780,[190  55 168 168],0.27,0.0,0.05,0.03,0.31,0.01,0.33
781,[188  54 170 170],0.25,0.0,0.05,0.04,0.31,0.01,0.34
782,[183  53 173 173],0.19,0.0,0.1,0.03,0.4,0.02,0.25
783,[185  53 172 172],0.19,0.0,0.06,0.01,0.64,0.02,0.07
784,[184  52 174 174],0.21,0.0,0.06,0.04,0.6,0.01,0.08
785,[184  51 174 174],0.16,0.0,0.04,0.05,0.64,0.01,0.1
786,[184  52 172 172],0.11,0.0,0.05,0.03,0.72,0.01,0.09
787,[179  48 178 178],0.05,0.0,0.05,0.03,0.81,0.04,0.03
788,[177  47 179 179],0.03,0.0,0.06,0.02,0.85,0.04,0.02
789,[177  44 179 179],0.03,0.0,0.06,0.01,0.82,0.05,0.03
790,[177  43 180 180],0.03,0.0,0.04,0.0,0.82,0.04,0.06
791,[175  41 181 181],0.1,0.0,0.07,0.0,0.74,0.05,0.03
792,[175  40 179 179],0.15,0.0,0.09,0.0,0.53,0.18,0.05
793,[176  39 172 172],0.08,0.0,0.09,0.0,0.11,0.72,0.01
794,[176  40 171 171],0.06,0.0,0.12,0.0,0.08,0.73,0.01
795,[175  38 172 172],0.13,0.0,0.1,0.0,0.09,0.65,0.02
796,[175  36 175 175],0.15,0.0,0.1,0.01,0.03,0.7,0.02
797,[172  34 179 179],0.46,0.0,0.15,0.01,0.04,0.3,0.04
798,[171  33 182 182],0.46,0.0,0.18,0.01,0.03,0.27,0.05
799,[171  32 183 183],0.3,0.0,0.15,0.02,0.03,0.46,0.05
800,[173  32 181 181],0.33,0.0,0.12,0.01,0.03,0.47,0.04
801,[173  34 177 177],0.17,0.0,0.1,0.0,0.04,0.67,0.01
802,[174  36 176 176],0.23,0.0,0.15,0.0,0.4,0.17,0.05
803,[172  35 181 181],0.23,0.0,0.19,0.0,0.48,0.06,0.03
804,[172  37 179 179],0.23,0.0,0.13,0.0,0.54,0.07,0.03
805,[171  44 179 179],0.23,0.0,0.08,0.0,0.64,0.02,0.02
806,[168  46 180 180],0.24,0.0,0.08,0.0,0.59,0.03,0.06
807,[169  48 180 180],0.18,0.0,0.07,0.0,0.67,0.03,0.05
808,[168  50 183 183],0.06,0.0,0.06,0.0,0.77,0.02,0.09
809,[168  53 184 184],0.1,0.0,0.08,0.02,0.68,0.05,0.08
810,[168  55 186 186],0.06,0.0,0.04,0.03,0.79,0.02,0.06
811,[166  55 189 189],0.06,0.0,0.06,0.08,0.73,0.02,0.05
812,[167  58 185 185],0.05,0.0,0.03,0.06,0.58,0.01,0.29
813,[165  57 187 187],0.07,0.0,0.02,0.03,0.35,0.0,0.53
814,[165  58 189 189],0.05,0.0,0.02,0.04,0.37,0.0,0.53
815,[164  58 189 189],0.04,0.0,0.03,0.05,0.69,0.0,0.19
816,[163  57 192 192],0.07,0.0,0.03,0.12,0.62,0.01,0.14
817,[163  57 190 190],0.2,0.0,0.09,0.0,0.51,0.01,0.19
818,[164  58 189 189],0.18,0.0,0.15,0.0,0.41,0.01,0.25
819,[164  57 188 188],0.19,0.0,0.15,0.0,0.46,0.01,0.19
820,[167  57 186 186],0.16,0.0,0.12,0.0,0.54,0.01,0.16
821,[166  56 190 190],0.15,0.0,0.13,0.0,0.43,0.0,0.29
822,[168  58 186 186],0.14,0.0,0.17,0.0,0.5,0.01,0.19
823,[166  56 189 189],0.16,0.0,0.15,0.0,0.57,0.01,0.11
824,[165  54 192 192],0.16,0.0,0.11,0.0,0.47,0.01,0.24
825,[165  54 193 193],0.15,0.0,0.22,0.01,0.4,0.02,0.2
826,[165  52 190 190],0.24,0.0,0.14,0.01,0.43,0.05,0.13
827,[165  49 192 192],0.19,0.0,0.16,0.01,0.36,0.09,0.19
828,[168  44 189 189],0.19,0.0,0.09,0.0,0.27,0.08,0.37
829,[167  40 194 194],0.06,0.0,0.14,0.0,0.25,0.06,0.49
830,[167  41 191 191],0.08,0.0,0.23,0.0,0.23,0.1,0.36
831,[167  40 190 190],0.12,0.0,0.24,0.0,0.3,0.09,0.25
832,[167  39 189 189],0.07,0.0,0.21,0.0,0.49,0.04,0.18
833,[167  42 184 184],0.06,0.0,0.2,0.0,0.56,0.04,0.15
834,[167  41 183 183],0.05,0.0,0.22,0.0,0.58,0.03,0.12
835,[167  42 183 183],0.05,0.0,0.23,0.0,0.62,0.02,0.08
836,[166  41 183 183],0.05,0.0,0.26,0.0,0.53,0.03,0.13
837,[168  42 181 181],0.04,0.0,0.19,0.0,0.63,0.02,0.12
838,[169  43 180 180],0.06,0.0,0.19,0.0,0.56,0.02,0.17
839,[167  42 181 181],0.07,0.0,0.15,0.0,0.66,0.01,0.1
840,[160  40 174 174],0.13,0.0,0.13,0.0,0.69,0.0,0.05
841,[157  42 170 170],0.17,0.0,0.15,0.0,0.62,0.0,0.05
842,[152  41 170 170],0.16,0.0,0.16,0.0,0.61,0.0,0.06
843,[151  40 170 170],0.11,0.0,0.12,0.0,0.67,0.0,0.09
844,[155  43 168 168],0.08,0.0,0.11,0.0,0.73,0.0,0.08
845,[154  43 173 173],0.08,0.0,0.08,0.0,0.75,0.0,0.08
846,[154  44 175 175],0.12,0.0,0.09,0.0,0.74,0.0,0.05
847,[155  45 177 177],0.05,0.0,0.04,0.0,0.88,0.01,0.02
848,[154  51 179 179],0.06,0.0,0.03,0.0,0.85,0.0,0.06
849,[156  54 176 176],0.06,0.0,0.03,0.0,0.72,0.0,0.19
850,[155  57 176 176],0.06,0.0,0.05,0.0,0.77,0.01,0.12
851,[154  58 175 175],0.09,0.0,0.06,0.0,0.68,0.0,0.17
852,[153  56 180 180],0.08,0.0,0.04,0.0,0.72,0.0,0.15
853,[154  56 181 181],0.08,0.0,0.03,0.0,0.57,0.0,0.32
854,[154  56 180 180],0.17,0.0,0.04,0.0,0.6,0.0,0.19
855,[154  56 181 181],0.14,0.0,0.04,0.0,0.66,0.0,0.16
856,[155  57 183 183],0.06,0.0,0.06,0.0,0.74,0.01,0.12
857,[156  57 184 184],0.07,0.0,0.07,0.0,0.67,0.0,0.19
858,[155  57 185 185],0.07,0.0,0.08,0.0,0.51,0.0,0.33
859,[157  57 184 184],0.05,0.0,0.07,0.0,0.63,0.0,0.23
860,[157  55 188 188],0.08,0.0,0.06,0.01,0.62,0.01,0.23
861,[158  57 187 187],0.03,0.0,0.02,0.0,0.77,0.0,0.17
862,[159  57 186 186],0.03,0.0,0.03,0.0,0.8,0.0,0.13
863,[158  56 189 189],0.05,0.0,0.05,0.01,0.55,0.0,0.34
864,[162  59 182 182],0.07,0.0,0.03,0.0,0.61,0.0,0.28
865,[159  55 189 189],0.06,0.0,0.05,0.01,0.38,0.0,0.5
866,[158  54 190 190],0.07,0.0,0.06,0.01,0.43,0.0,0.42
867,[158  52 194 194],0.09,0.0,0.09,0.0,0.4,0.0,0.41
868,[164  55 187 187],0.08,0.0,0.09,0.0,0.53,0.0,0.3
869,[166  57 185 185],0.11,0.0,0.18,0.0,0.28,0.01,0.42
870,[166  57 184 184],0.1,0.0,0.14,0.0,0.45,0.0,0.32
871,[166  56 185 185],0.11,0.0,0.11,0.0,0.31,0.0,0.46
872,[166  57 184 184],0.1,0.0,0.13,0.0,0.56,0.01,0.2
873,[168  56 186 186],0.09,0.0,0.11,0.0,0.58,0.01,0.21
874,[166  56 187 187],0.09,0.0,0.12,0.0,0.48,0.01,0.3
875,[168  57 185 185],0.07,0.0,0.12,0.0,0.41,0.01,0.39
876,[166  54 190 190],0.07,0.0,0.09,0.08,0.56,0.03,0.17
877,[168  57 184 184],0.12,0.0,0.15,0.09,0.5,0.1,0.04
878,[167  53 187 187],0.18,0.0,0.11,0.15,0.29,0.22,0.06
879,[168  54 187 187],0.09,0.0,0.07,0.23,0.45,0.06,0.1
880,[168  53 187 187],0.05,0.0,0.05,0.14,0.34,0.01,0.4
881,[169  53 183 183],0.07,0.0,0.07,0.21,0.32,0.05,0.28
882,[168  51 186 186],0.1,0.0,0.07,0.2,0.44,0.03,0.16
883,[167  48 184 184],0.11,0.0,0.1,0.15,0.38,0.09,0.16
884,[165  41 186 186],0.22,0.0,0.14,0.06,0.42,0.12,0.05
885,[166  38 185 185],0.18,0.0,0.07,0.04,0.59,0.07,0.06
886,[168  41 174 174],0.05,0.0,0.04,0.0,0.82,0.01,0.07
887,[169  41 172 172],0.08,0.0,0.02,0.0,0.53,0.01,0.37
888,[170  42 168 168],0.25,0.0,0.01,0.0,0.6,0.01,0.13
889,[169  41 173 173],0.16,0.0,0.01,0.0,0.74,0.0,0.08
890,[172  44 168 168],0.33,0.0,0.02,0.0,0.44,0.01,0.2
891,[167  42 180 180],0.29,0.0,0.02,0.0,0.55,0.01,0.14
892,[166  40 192 192],0.26,0.0,0.09,0.01,0.17,0.45,0.02
893,[168  43 192 192],0.36,0.0,0.08,0.03,0.13,0.4,0.0
894,[168  50 191 191],0.19,0.0,0.14,0.01,0.05,0.61,0.0
895,[170  51 192 192],0.27,0.0,0.11,0.04,0.05,0.52,0.0
896,[172  58 194 194],0.26,0.0,0.2,0.08,0.04,0.42,0.0
897,[168  60 195 195],0.24,0.0,0.06,0.22,0.03,0.43,0.0
898,[167  58 197 197],0.21,0.0,0.06,0.27,0.03,0.41,0.01
899,[169  57 194 194],0.08,0.0,0.05,0.22,0.02,0.62,0.01
900,[167  50 194 194],0.13,0.0,0.08,0.12,0.07,0.59,0.01
901,[167  47 195 195],0.19,0.0,0.12,0.15,0.1,0.43,0.01
902,[167  46 192 192],0.2,0.0,0.09,0.09,0.08,0.5,0.04
903,[167  43 193 193],0.46,0.0,0.09,0.01,0.22,0.04,0.19
904,[167  41 195 195],0.42,0.0,0.08,0.0,0.25,0.02,0.22
905,[167  42 197 197],0.39,0.0,0.11,0.0,0.27,0.02,0.2
906,[171  45 194 194],0.46,0.0,0.1,0.0,0.24,0.02,0.18
907,[167  44 200 200],0.3,0.0,0.13,0.0,0.33,0.01,0.23
908,[170  51 195 195],0.18,0.0,0.04,0.0,0.14,0.0,0.64
909,[168  52 196 196],0.21,0.0,0.11,0.0,0.23,0.01,0.45
910,[166  49 196 196],0.19,0.0,0.18,0.0,0.22,0.02,0.39
911,[167  51 193 193],0.18,0.0,0.11,0.0,0.33,0.01,0.37
912,[163  47 194 194],0.18,0.0,0.1,0.0,0.57,0.02,0.13
913,[161  47 195 195],0.17,0.0,0.08,0.0,0.43,0.01,0.32
914,[162  47 192 192],0.15,0.0,0.06,0.0,0.51,0.0,0.28
915,[163  43 194 194],0.22,0.0,0.05,0.0,0.39,0.0,0.34
916,[166  47 188 188],0.14,0.0,0.08,0.0,0.47,0.01,0.31
917,[168  46 188 188],0.12,0.0,0.04,0.0,0.36,0.01,0.47
918,[167  45 190 190],0.11,0.0,0.07,0.0,0.4,0.02,0.41
919,[166  46 189 189],0.09,0.0,0.06,0.0,0.47,0.02,0.36
920,[161  45 187 187],0.18,0.0,0.04,0.0,0.34,0.0,0.44
921,[159  43 185 185],0.13,0.0,0.11,0.0,0.6,0.01,0.15
922,[158  41 186 186],0.12,0.0,0.11,0.0,0.69,0.04,0.03
923,[159  40 184 184],0.11,0.0,0.11,0.0,0.68,0.05,0.04
924,[162  37 187 187],0.04,0.0,0.06,0.01,0.84,0.03,0.02
925,[163  39 186 186],0.06,0.0,0.06,0.01,0.79,0.04,0.04
926,[163  41 181 181],0.04,0.0,0.06,0.02,0.82,0.03,0.03
927,[161  45 181 181],0.06,0.0,0.05,0.04,0.76,0.04,0.04
928,[161  54 178 178],0.05,0.0,0.02,0.09,0.15,0.01,0.69
929,[160  57 180 180],0.17,0.0,0.05,0.09,0.45,0.03,0.21
930,[164  57 179 179],0.1,0.0,0.03,0.03,0.34,0.01,0.49
931,[166  56 180 180],0.04,0.0,0.02,0.1,0.24,0.0,0.58
932,[170  53 178 178],0.04,0.0,0.02,0.09,0.36,0.0,0.49
933,[167  50 181 181],0.11,0.0,0.04,0.03,0.54,0.02,0.27
934,[168  49 180 180],0.13,0.0,0.07,0.0,0.5,0.01,0.28
935,[165  49 183 183],0.2,0.0,0.09,0.0,0.51,0.01,0.18
936,[163  55 184 184],0.17,0.0,0.07,0.0,0.51,0.01,0.23
937,[162  56 187 187],0.15,0.0,0.13,0.01,0.48,0.03,0.2
938,[163  56 187 187],0.16,0.0,0.11,0.01,0.62,0.04,0.07
939,[164  55 188 188],0.15,0.0,0.07,0.01,0.36,0.01,0.4
940,[164  53 187 187],0.12,0.0,0.07,0.0,0.57,0.01,0.23
941,[166  52 185 185],0.13,0.0,0.06,0.0,0.56,0.0,0.25
942,[166  53 180 180],0.1,0.0,0.05,0.0,0.71,0.0,0.13
943,[164  52 183 183],0.09,0.0,0.05,0.0,0.73,0.0,0.13
944,[163  53 189 189],0.12,0.0,0.07,0.0,0.49,0.0,0.31
945,[164  54 190 190],0.1,0.0,0.08,0.0,0.43,0.01,0.38
946,[163  53 192 192],0.2,0.0,0.14,0.01,0.53,0.03,0.09
947,[164  55 192 192],0.16,0.0,0.07,0.01,0.51,0.02,0.24
948,[165  55 192 192],0.11,0.0,0.07,0.0,0.26,0.0,0.55
949,[165  55 193 193],0.13,0.0,0.1,0.0,0.34,0.01,0.43
950,[164  53 194 194],0.16,0.0,0.16,0.0,0.31,0.02,0.35
951,[164  54 192 192],0.22,0.0,0.14,0.0,0.39,0.03,0.22
952,[164  53 192 192],0.2,0.0,0.15,0.0,0.41,0.02,0.23
953,[165  52 190 190],0.07,0.0,0.05,0.0,0.55,0.01,0.32
954,[164  51 191 191],0.11,0.0,0.05,0.0,0.54,0.01,0.29
955,[163  50 194 194],0.18,0.0,0.06,0.0,0.43,0.01,0.32
956,[161  47 193 193],0.19,0.0,0.09,0.0,0.6,0.02,0.1
957,[161  43 194 194],0.19,0.0,0.12,0.0,0.53,0.06,0.1
958,[162  44 189 189],0.14,0.0,0.13,0.0,0.55,0.11,0.07
959,[163  38 190 190],0.07,0.0,0.09,0.0,0.71,0.06,0.06
960,[163  30 186 186],0.07,0.0,0.24,0.0,0.37,0.18,0.14
961,[166  28 183 183],0.07,0.0,0.23,0.0,0.46,0.12,0.12
962,[167  28 180 180],0.07,0.01,0.25,0.0,0.37,0.17,0.13
963,[170  27 178 178],0.09,0.0,0.24,0.0,0.39,0.07,0.2
964,[169  24 180 180],0.09,0.0,0.26,0.01,0.35,0.16,0.12
965,[171  24 175 175],0.15,0.0,0.27,0.0,0.49,0.04,0.05
966,[173  25 171 171],0.11,0.0,0.26,0.0,0.57,0.03,0.03
967,[174  26 168 168],0.15,0.0,0.18,0.01,0.52,0.01,0.13
968,[174  30 170 170],0.1,0.01,0.1,0.01,0.68,0.01,0.11
969,[172  31 173 173],0.08,0.0,0.08,0.02,0.7,0.07,0.05
970,[170  33 176 176],0.08,0.0,0.1,0.02,0.7,0.08,0.02
971,[172  38 172 172],0.03,0.0,0.06,0.01,0.79,0.08,0.03
972,[170  47 175 175],0.05,0.0,0.02,0.0,0.51,0.0,0.42
973,[168  49 180 180],0.06,0.0,0.01,0.0,0.33,0.0,0.59
974,[168  51 182 182],0.06,0.0,0.04,0.0,0.69,0.0,0.21
975,[168  52 183 183],0.09,0.0,0.07,0.0,0.7,0.01,0.12
976,[168  52 183 183],0.08,0.0,0.03,0.0,0.38,0.0,0.51
977,[167  52 183 183],0.07,0.0,0.05,0.01,0.36,0.0,0.51
978,[167  51 184 184],0.08,0.0,0.08,0.01,0.54,0.01,0.28
979,[167  51 183 183],0.1,0.0,0.12,0.01,0.56,0.03,0.18
980,[167  52 183 183],0.08,0.0,0.1,0.0,0.56,0.01,0.26
981,[166  51 185 185],0.07,0.0,0.11,0.0,0.53,0.01,0.28
982,[167  51 186 186],0.09,0.0,0.1,0.0,0.45,0.01,0.36
983,[168  53 183 183],0.08,0.0,0.13,0.0,0.62,0.01,0.16
984,[164  52 188 188],0.07,0.0,0.21,0.0,0.53,0.03,0.16
985,[165  53 185 185],0.11,0.0,0.18,0.0,0.52,0.03,0.14
986,[164  53 186 186],0.15,0.0,0.2,0.0,0.49,0.02,0.14
987,[165  54 185 185],0.11,0.0,0.21,0.0,0.51,0.01,0.17
988,[164  56 184 184],0.08,0.0,0.22,0.0,0.57,0.01,0.12
989,[164  56 183 183],0.13,0.0,0.19,0.0,0.5,0.02,0.16
990,[163  54 189 189],0.16,0.0,0.14,0.0,0.33,0.01,0.37
991,[164  57 187 187],0.14,0.0,0.11,0.0,0.41,0.0,0.33
992,[164  58 187 187],0.06,0.0,0.02,0.0,0.11,0.0,0.81
993,[163  58 188 188],0.05,0.0,0.02,0.02,0.12,0.0,0.79
994,[165  61 182 182],0.08,0.0,0.02,0.06,0.14,0.0,0.7
995,[165  60 182 182],0.04,0.0,0.01,0.1,0.04,0.0,0.8
996,[166  56 181 181],0.06,0.0,0.03,0.32,0.1,0.04,0.45
997,[167  53 182 182],0.06,0.0,0.04,0.41,0.14,0.06,0.29
998,[165  49 185 185],0.11,0.0,0.07,0.39,0.04,0.37,0.03
999,[167  47 183 183],0.08,0.0,0.09,0.2,0.04,0.57,0.02
1000,[167  44 185 185],0.03,0.0,0.02,0.76,0.06,0.09,0.05
1001,[171  43 184 184],0.05,0.0,0.05,0.38,0.13,0.23,0.16
1002,[169  44 185 185],0.03,0.0,0.02,0.79,0.04,0.05,0.07
1003,[170  43 188 188],0.03,0.0,0.03,0.68,0.11,0.05,0.11
1004,[170  42 192 192],0.3,0.0,0.22,0.12,0.08,0.27,0.01
1005,[171  42 192 192],0.29,0.0,0.18,0.13,0.07,0.32,0.01
1006,[170  40 192 192],0.24,0.0,0.22,0.12,0.09,0.31,0.01
1007,[169  40 193 193],0.23,0.0,0.3,0.08,0.07,0.3,0.02
1008,[168  41 192 192],0.29,0.0,0.11,0.02,0.12,0.1,0.36
1009,[168  41 191 191],0.18,0.0,0.05,0.01,0.12,0.04,0.6
1010,[169  41 190 190],0.14,0.0,0.02,0.01,0.12,0.01,0.69
1011,[167  40 193 193],0.1,0.0,0.04,0.02,0.11,0.01,0.72
1012,[165  39 197 197],0.21,0.0,0.28,0.04,0.16,0.22,0.09
1013,[167  41 193 193],0.25,0.0,0.3,0.01,0.23,0.16,0.05
1014,[169  44 191 191],0.3,0.0,0.14,0.0,0.44,0.08,0.04
1015,[169  44 191 191],0.09,0.0,0.07,0.0,0.62,0.12,0.11
1016,[170  49 188 188],0.11,0.0,0.18,0.0,0.6,0.05,0.05
1017,[170  49 189 189],0.11,0.0,0.2,0.0,0.58,0.02,0.08
1018,[169  50 188 188],0.2,0.0,0.15,0.0,0.48,0.03,0.14
1019,[168  51 191 191],0.18,0.0,0.16,0.0,0.5,0.02,0.13
1020,[170  57 189 189],0.26,0.0,0.21,0.01,0.36,0.02,0.15
1021,[169  57 191 191],0.24,0.0,0.2,0.01,0.32,0.02,0.21
1022,[170  56 191 191],0.18,0.0,0.15,0.0,0.3,0.01,0.36
1023,[171  58 189 189],0.19,0.0,0.19,0.0,0.28,0.01,0.32
1024,[170  59 189 189],0.14,0.0,0.17,0.0,0.36,0.01,0.32
1025,[169  61 187 187],0.2,0.0,0.17,0.0,0.36,0.01,0.26
1026,[169  61 188 188],0.15,0.0,0.13,0.0,0.42,0.01,0.29
1027,[170  61 189 189],0.13,0.0,0.12,0.0,0.46,0.0,0.28
1028,[171  58 194 194],0.09,0.0,0.13,0.09,0.27,0.01,0.41
1029,[173  57 195 195],0.16,0.0,0.29,0.02,0.35,0.01,0.17
1030,[174  57 194 194],0.13,0.0,0.11,0.01,0.3,0.0,0.45
1031,[174  55 192 192],0.13,0.0,0.15,0.0,0.39,0.0,0.33
1032,[172  51 195 195],0.17,0.0,0.11,0.0,0.47,0.0,0.26
1033,[174  51 193 193],0.14,0.0,0.16,0.0,0.43,0.0,0.27
1034,[172  51 196 196],0.14,0.0,0.27,0.0,0.37,0.01,0.21
1035,[171  50 196 196],0.16,0.0,0.21,0.0,0.35,0.01,0.27
1036,[171  51 195 195],0.11,0.0,0.23,0.0,0.31,0.0,0.34
1037,[173  52 192 192],0.09,0.0,0.19,0.0,0.38,0.0,0.34
1038,[172  52 192 192],0.13,0.0,0.21,0.0,0.37,0.0,0.29
1039,[172  52 191 191],0.11,0.0,0.12,0.01,0.52,0.01,0.23
1040,[171  51 193 193],0.09,0.0,0.06,0.01,0.67,0.0,0.18
1041,[170  50 193 193],0.06,0.0,0.06,0.01,0.78,0.0,0.09
1042,[170  47 189 189],0.08,0.0,0.08,0.0,0.76,0.01,0.06
1043,[168  37 189 189],0.05,0.0,0.06,0.0,0.79,0.02,0.08
1044,[166  32 191 191],0.07,0.0,0.06,0.0,0.77,0.04,0.06
1045,[169  32 181 181],0.04,0.0,0.08,0.0,0.8,0.04,0.04
1046,[163  29 185 185],0.06,0.0,0.1,0.0,0.77,0.05,0.02
1047,[164  35 172 172],0.05,0.0,0.11,0.0,0.76,0.03,0.05
1048,[165  34 172 172],0.1,0.0,0.12,0.0,0.73,0.02,0.03
1049,[166  34 173 173],0.1,0.0,0.08,0.01,0.62,0.01,0.19
1050,[168  36 178 178],0.09,0.0,0.05,0.01,0.5,0.01,0.35
1051,[168  38 181 181],0.08,0.0,0.06,0.09,0.62,0.06,0.09
1052,[166  42 179 179],0.1,0.0,0.08,0.02,0.71,0.03,0.07
1053,[165  39 180 180],0.08,0.0,0.05,0.01,0.69,0.03,0.14
1054,[165  39 181 181],0.06,0.0,0.09,0.0,0.67,0.02,0.16
1055,[166  39 186 186],0.07,0.0,0.11,0.0,0.64,0.04,0.14
1056,[167  41 184 184],0.09,0.0,0.13,0.0,0.51,0.07,0.2
1057,[166  43 181 181],0.09,0.0,0.13,0.0,0.62,0.03,0.13
1058,[164  42 182 182],0.04,0.0,0.1,0.0,0.76,0.06,0.04
1059,[163  47 177 177],0.07,0.0,0.16,0.05,0.4,0.31,0.0
1060,[163  45 180 180],0.06,0.0,0.14,0.03,0.6,0.15,0.01
1061,[163  44 180 180],0.05,0.0,0.09,0.07,0.66,0.08,0.05
1062,[163  42 182 182],0.06,0.0,0.05,0.25,0.46,0.02,0.16
1063,[164  45 180 180],0.05,0.0,0.09,0.02,0.68,0.17,0.0
1064,[164  46 180 180],0.09,0.0,0.14,0.01,0.63,0.13,0.0
1065,[163  45 182 182],0.12,0.0,0.21,0.02,0.44,0.21,0.01
1066,[164  46 179 179],0.06,0.0,0.13,0.0,0.71,0.09,0.01
1067,[163  47 179 179],0.15,0.0,0.08,0.0,0.57,0.01,0.19
1068,[165  47 179 179],0.1,0.0,0.09,0.01,0.48,0.01,0.31
1069,[165  48 177 177],0.1,0.0,0.14,0.0,0.69,0.05,0.02
1070,[157  46 185 185],0.19,0.0,0.17,0.0,0.6,0.02,0.02
1071,[150  50 170 170],0.32,0.0,0.34,0.0,0.26,0.05,0.02
1072,[148  52 164 164],0.21,0.0,0.36,0.0,0.33,0.07,0.02
1073,[148  52 167 167],0.22,0.0,0.31,0.0,0.42,0.02,0.03
1074,[153  48 174 174],0.31,0.0,0.23,0.0,0.4,0.04,0.03
1075,[165  47 187 187],0.15,0.0,0.18,0.0,0.6,0.03,0.04
1076,[173  48 184 184],0.18,0.0,0.15,0.0,0.61,0.01,0.05
1077,[180  48 185 185],0.13,0.0,0.25,0.0,0.55,0.01,0.07
1078,[184  49 185 185],0.1,0.0,0.31,0.0,0.51,0.01,0.07
1079,[188  51 182 182],0.17,0.0,0.24,0.0,0.31,0.01,0.27
1080,[182  50 189 189],0.18,0.0,0.08,0.0,0.16,0.0,0.59
1081,[182  50 189 189],0.24,0.0,0.19,0.0,0.32,0.0,0.24
1082,[179  51 189 189],0.22,0.0,0.28,0.0,0.41,0.01,0.08
1083,[178  50 190 190],0.25,0.0,0.26,0.0,0.38,0.0,0.11
1084,[176  50 191 191],0.15,0.0,0.32,0.0,0.4,0.0,0.13
1085,[177  51 191 191],0.18,0.0,0.38,0.0,0.29,0.0,0.14
1086,[176  51 190 190],0.24,0.0,0.34,0.0,0.33,0.0,0.08
1087,[176  50 191 191],0.22,0.0,0.29,0.0,0.39,0.01,0.09
1088,[177  50 190 190],0.21,0.0,0.33,0.0,0.4,0.01,0.06
1089,[176  49 191 191],0.18,0.0,0.23,0.0,0.48,0.01,0.1
1090,[176  48 194 194],0.16,0.0,0.23,0.0,0.44,0.01,0.16
1091,[175  48 197 197],0.16,0.0,0.31,0.0,0.38,0.01,0.15
1092,[174  48 200 200],0.18,0.0,0.22,0.0,0.37,0.0,0.22
1093,[172  47 202 202],0.14,0.0,0.37,0.0,0.42,0.02,0.04
1094,[172  47 201 201],0.11,0.0,0.29,0.0,0.54,0.02,0.04
1095,[174  50 194 194],0.09,0.0,0.17,0.0,0.63,0.01,0.09
1096,[174  49 195 195],0.07,0.0,0.15,0.0,0.62,0.0,0.15
1097,[170  46 199 199],0.12,0.0,0.26,0.0,0.5,0.02,0.1
1098,[168  46 200 200],0.15,0.0,0.14,0.0,0.54,0.02,0.15
1099,[168  43 200 200],0.18,0.0,0.23,0.0,0.42,0.05,0.13
1100,[166  43 199 199],0.26,0.0,0.22,0.0,0.39,0.02,0.12
1101,[168  42 194 194],0.17,0.0,0.14,0.0,0.5,0.1,0.09
1102,[161  38 198 198],0.38,0.0,0.17,0.0,0.31,0.11,0.03
1103,[152  37 191 191],0.16,0.0,0.21,0.0,0.5,0.05,0.08
1104,[152  38 187 187],0.31,0.0,0.18,0.0,0.42,0.02,0.06
1105,[150  40 185 185],0.4,0.0,0.17,0.0,0.33,0.02,0.08
1106,[152  37 188 188],0.33,0.0,0.12,0.0,0.38,0.05,0.13
1107,[165  40 184 184],0.24,0.0,0.15,0.0,0.42,0.1,0.09
1108,[167  38 183 183],0.31,0.0,0.17,0.0,0.26,0.06,0.2
1109,[166  39 182 182],0.45,0.0,0.1,0.0,0.24,0.06,0.15
1110,[160  37 185 185],0.27,0.0,0.32,0.0,0.26,0.09,0.06
1111,[155  40 176 176],0.19,0.0,0.28,0.0,0.17,0.35,0.01
1112,[156  42 173 173],0.17,0.0,0.34,0.0,0.21,0.27,0.02
1113,[157  41 172 172],0.13,0.0,0.22,0.0,0.35,0.27,0.03
1114,[162  44 170 170],0.21,0.0,0.2,0.0,0.39,0.17,0.03
1115,[168  42 176 176],0.14,0.0,0.25,0.0,0.48,0.1,0.03
1116,[168  40 179 179],0.23,0.0,0.2,0.0,0.5,0.05,0.02
1117,[166  37 181 181],0.14,0.0,0.18,0.01,0.09,0.58,0.0
1118,[167  39 176 176],0.1,0.0,0.17,0.02,0.11,0.59,0.0
1119,[161  40 172 172],0.05,0.0,0.25,0.05,0.12,0.53,0.0
1120,[163  42 166 166],0.06,0.0,0.27,0.04,0.12,0.52,0.0
1121,[163  43 164 164],0.09,0.0,0.25,0.04,0.24,0.38,0.0
1122,[163  39 170 170],0.04,0.0,0.23,0.04,0.15,0.54,0.0
1123,[166  40 172 172],0.04,0.0,0.15,0.02,0.13,0.65,0.0
1124,[169  40 173 173],0.44,0.0,0.11,0.02,0.21,0.19,0.03
1125,[169  40 171 171],0.42,0.0,0.06,0.01,0.34,0.13,0.05
1126,[168  41 172 172],0.34,0.0,0.07,0.01,0.35,0.15,0.08
1127,[165  44 169 169],0.32,0.0,0.06,0.01,0.41,0.12,0.08
1128,[161  41 179 179],0.41,0.0,0.14,0.02,0.22,0.18,0.03
1129,[164  49 174 174],0.05,0.0,0.1,0.1,0.24,0.5,0.01
1130,[162  49 185 185],0.07,0.0,0.11,0.08,0.34,0.39,0.0
1131,[166  66 188 188],0.06,0.0,0.07,0.33,0.04,0.47,0.03
1132,[167  71 189 189],0.12,0.0,0.1,0.34,0.06,0.35,0.04
1133,[169  73 188 188],0.12,0.0,0.06,0.07,0.19,0.02,0.55
1134,[169  71 190 190],0.13,0.0,0.04,0.06,0.15,0.01,0.61
1135,[165  67 191 191],0.13,0.0,0.14,0.13,0.09,0.45,0.06
1136,[166  67 191 191],0.06,0.0,0.08,0.24,0.05,0.54,0.02
1137,[167  67 184 184],0.09,0.0,0.13,0.17,0.06,0.52,0.02
1138,[166  64 187 187],0.19,0.0,0.22,0.09,0.16,0.25,0.08
1139,[165  60 190 190],0.14,0.0,0.16,0.04,0.17,0.03,0.46
1140,[169  60 188 188],0.12,0.0,0.11,0.02,0.19,0.01,0.54
1141,[170  59 187 187],0.12,0.0,0.06,0.01,0.29,0.01,0.51
1142,[167  55 193 193],0.25,0.0,0.12,0.0,0.34,0.01,0.28
1143,[170  55 189 189],0.16,0.0,0.11,0.0,0.3,0.0,0.43
1144,[168  53 191 191],0.28,0.0,0.11,0.0,0.28,0.01,0.32
1145,[167  52 193 193],0.21,0.0,0.12,0.0,0.25,0.01,0.42
1146,[168  54 191 191],0.16,0.0,0.13,0.0,0.31,0.01,0.38
1147,[168  55 186 186],0.26,0.0,0.13,0.0,0.46,0.01,0.12
1148,[167  54 189 189],0.28,0.0,0.18,0.0,0.38,0.02,0.13
1149,[167  54 188 188],0.38,0.0,0.23,0.0,0.29,0.06,0.05
1150,[166  53 190 190],0.4,0.0,0.23,0.0,0.24,0.07,0.05
1151,[166  52 190 190],0.33,0.0,0.28,0.0,0.25,0.07,0.07
1152,[166  50 191 191],0.32,0.0,0.17,0.0,0.36,0.03,0.11
1153,[165  48 193 193],0.25,0.0,0.21,0.0,0.3,0.06,0.18
1154,[163  47 195 195],0.27,0.0,0.19,0.0,0.29,0.01,0.24
1155,[167  46 187 187],0.2,0.0,0.15,0.0,0.44,0.04,0.17
1156,[166  45 186 186],0.1,0.0,0.05,0.0,0.31,0.12,0.42
1157,[163  39 189 189],0.11,0.0,0.05,0.0,0.4,0.21,0.22
1158,[162  37 188 188],0.09,0.0,0.08,0.0,0.31,0.3,0.22
1159,[159  29 189 189],0.17,0.0,0.19,0.01,0.42,0.13,0.07
1160,[160  30 186 186],0.16,0.0,0.12,0.01,0.62,0.06,0.03
1161,[160  31 183 183],0.16,0.0,0.08,0.01,0.68,0.04,0.04
1162,[158  31 183 183],0.13,0.0,0.11,0.02,0.66,0.04,0.04
1163,[160  33 180 180],0.13,0.0,0.13,0.02,0.56,0.15,0.01
1164,[158  30 183 183],0.09,0.0,0.06,0.02,0.79,0.03,0.01
1165,[157  31 180 180],0.07,0.0,0.04,0.01,0.85,0.02,0.01
1166,[159  31 176 176],0.06,0.0,0.05,0.01,0.85,0.01,0.01
1167,[159  29 179 179],0.08,0.0,0.12,0.03,0.45,0.32,0.01
1168,[156  28 184 184],0.12,0.0,0.08,0.03,0.47,0.28,0.01
1169,[158  27 180 180],0.1,0.0,0.16,0.03,0.37,0.35,0.01
1170,[157  28 182 182],0.16,0.0,0.12,0.02,0.51,0.19,0.01
1171,[157  28 180 180],0.13,0.0,0.18,0.01,0.47,0.2,0.01
1172,[158  30 178 178],0.33,0.0,0.26,0.0,0.27,0.13,0.01
1173,[153  29 186 186],0.27,0.0,0.3,0.0,0.14,0.28,0.01
1174,[154  30 187 187],0.2,0.0,0.2,0.0,0.15,0.44,0.01
1175,[156  31 185 185],0.12,0.0,0.09,0.0,0.25,0.51,0.03
1176,[156  32 182 182],0.09,0.0,0.16,0.0,0.39,0.33,0.03
1177,[158  33 183 183],0.06,0.0,0.14,0.0,0.68,0.08,0.05
1178,[158  30 187 187],0.1,0.0,0.15,0.0,0.58,0.07,0.1
1179,[159  31 187 187],0.11,0.0,0.15,0.0,0.66,0.03,0.06
1180,[159  30 189 189],0.11,0.0,0.12,0.0,0.59,0.03,0.14
1181,[159  28 189 189],0.08,0.0,0.06,0.0,0.67,0.02,0.17
1182,[161  28 187 187],0.09,0.0,0.05,0.0,0.63,0.02,0.2
1183,[161  31 187 187],0.06,0.0,0.07,0.0,0.76,0.02,0.09
1184,[160  29 192 192],0.04,0.0,0.06,0.0,0.8,0.01,0.08
1185,[162  30 191 191],0.06,0.0,0.05,0.0,0.85,0.01,0.03
1186,[164  32 188 188],0.1,0.0,0.08,0.0,0.69,0.02,0.11
1187,[168  33 183 183],0.11,0.0,0.04,0.0,0.65,0.01,0.18
1188,[166  33 186 186],0.21,0.0,0.03,0.0,0.64,0.01,0.12
1189,[166  33 188 188],0.08,0.0,0.04,0.01,0.62,0.03,0.22
1190,[167  33 189 189],0.08,0.0,0.07,0.01,0.68,0.11,0.05
1191,[166  33 193 193],0.07,0.0,0.05,0.03,0.66,0.05,0.15
1192,[169  34 191 191],0.08,0.0,0.04,0.04,0.5,0.04,0.32
1193,[170  34 191 191],0.08,0.0,0.04,0.02,0.51,0.03,0.32
1194,[173  35 187 187],0.11,0.0,0.04,0.04,0.54,0.01,0.26
1195,[176  40 183 183],0.12,0.0,0.03,0.06,0.34,0.02,0.43
1196,[176  40 185 185],0.15,0.0,0.06,0.06,0.44,0.03,0.26
1197,[178  42 184 184],0.21,0.0,0.04,0.02,0.58,0.03,0.1
1198,[176  38 189 189],0.09,0.0,0.1,0.0,0.67,0.08,0.05
1199,[182  35 183 183],0.13,0.0,0.05,0.01,0.62,0.04,0.15
1200,[184  34 186 186],0.1,0.0,0.03,0.06,0.62,0.05,0.14
1201,[186  36 181 181],0.12,0.0,0.02,0.01,0.75,0.02,0.07
1202,[187  40 181 181],0.09,0.0,0.03,0.04,0.73,0.05,0.07
1203,[180  43 182 182],0.18,0.0,0.04,0.02,0.69,0.02,0.06
1204,[178  44 185 185],0.15,0.0,0.13,0.01,0.64,0.04,0.03
1205,[175  42 187 187],0.12,0.0,0.11,0.0,0.71,0.03,0.03
1206,[170  42 189 189],0.15,0.0,0.14,0.0,0.64,0.03,0.05
1207,[172  41 187 187],0.42,0.0,0.04,0.0,0.3,0.01,0.23
1208,[170  41 187 187],0.35,0.0,0.06,0.0,0.36,0.01,0.23
1209,[170  41 188 188],0.2,0.0,0.11,0.0,0.33,0.03,0.34
1210,[166  41 191 191],0.17,0.0,0.23,0.0,0.34,0.08,0.18
1211,[167  42 188 188],0.2,0.0,0.11,0.0,0.39,0.02,0.28
1212,[164  40 191 191],0.23,0.0,0.1,0.0,0.33,0.02,0.33
1213,[166  42 186 186],0.22,0.0,0.15,0.0,0.41,0.02,0.2
1214,[166  41 186 186],0.13,0.0,0.13,0.0,0.62,0.04,0.07
1215,[165  41 186 186],0.1,0.0,0.13,0.0,0.68,0.02,0.07
1216,[164  41 188 188],0.12,0.0,0.12,0.0,0.64,0.01,0.11
1217,[167  44 183 183],0.14,0.0,0.15,0.0,0.61,0.02,0.07
1218,[166  44 184 184],0.13,0.0,0.11,0.0,0.65,0.02,0.1
1219,[164  42 188 188],0.15,0.0,0.09,0.0,0.62,0.0,0.13
1220,[163  43 188 188],0.13,0.0,0.08,0.0,0.66,0.0,0.12
1221,[163  43 188 188],0.16,0.0,0.08,0.0,0.57,0.01,0.18
1222,[163  43 187 187],0.17,0.0,0.11,0.0,0.56,0.01,0.16
1223,[158  42 189 189],0.13,0.0,0.07,0.0,0.65,0.0,0.15
1224,[157  42 189 189],0.12,0.0,0.08,0.0,0.64,0.0,0.15
1225,[157  43 190 190],0.15,0.0,0.07,0.0,0.63,0.0,0.15
1226,[155  41 192 192],0.16,0.0,0.07,0.0,0.58,0.0,0.18
1227,[153  42 191 191],0.13,0.0,0.06,0.0,0.71,0.01,0.09
1228,[155  43 190 190],0.1,0.0,0.15,0.0,0.64,0.03,0.07
1229,[153  43 190 190],0.07,0.0,0.07,0.0,0.74,0.02,0.1
1230,[153  43 191 191],0.07,0.0,0.1,0.0,0.74,0.02,0.07
1231,[155  44 186 186],0.03,0.0,0.06,0.0,0.77,0.03,0.1
1232,[153  42 189 189],0.04,0.0,0.05,0.0,0.76,0.02,0.14
1233,[151  39 193 193],0.06,0.0,0.05,0.0,0.66,0.02,0.21
1234,[151  37 193 193],0.09,0.0,0.05,0.0,0.69,0.04,0.13
1235,[153  39 189 189],0.16,0.0,0.13,0.0,0.45,0.16,0.1
1236,[153  39 187 187],0.29,0.0,0.1,0.0,0.33,0.22,0.05
1237,[152  38 188 188],0.18,0.0,0.1,0.0,0.42,0.23,0.07
1238,[153  39 187 187],0.16,0.01,0.11,0.0,0.48,0.17,0.07
1239,[154  38 187 187],0.06,0.0,0.17,0.0,0.6,0.07,0.09
1240,[155  36 187 187],0.1,0.0,0.09,0.0,0.68,0.03,0.11
1241,[155  36 185 185],0.11,0.0,0.11,0.0,0.56,0.03,0.19
1242,[153  33 189 189],0.11,0.0,0.1,0.0,0.51,0.02,0.27
1243,[156  32 185 185],0.06,0.0,0.09,0.0,0.64,0.02,0.19
1244,[156  32 186 186],0.08,0.0,0.11,0.0,0.56,0.02,0.23
1245,[156  33 185 185],0.05,0.0,0.1,0.0,0.57,0.03,0.25
1246,[159  34 186 186],0.07,0.0,0.06,0.0,0.63,0.01,0.22
1247,[160  35 182 182],0.07,0.0,0.06,0.0,0.75,0.02,0.1
1248,[158  33 187 187],0.05,0.0,0.05,0.0,0.8,0.08,0.02
1249,[158  34 187 187],0.05,0.0,0.05,0.01,0.78,0.09,0.02
1250,[161  37 180 180],0.06,0.0,0.04,0.01,0.6,0.02,0.27
1251,[160  36 182 182],0.08,0.0,0.04,0.01,0.55,0.01,0.31
1252,[160  35 182 182],0.06,0.0,0.05,0.01,0.79,0.01,0.07
1253,[160  35 186 186],0.07,0.0,0.07,0.0,0.82,0.01,0.03
1254,[158  33 188 188],0.06,0.0,0.21,0.0,0.44,0.12,0.17
1255,[157  32 190 190],0.04,0.0,0.2,0.0,0.44,0.16,0.16
1256,[158  34 188 188],0.05,0.0,0.23,0.0,0.5,0.09,0.13
1257,[160  34 186 186],0.06,0.0,0.23,0.0,0.45,0.08,0.18
1258,[159  32 187 187],0.07,0.0,0.15,0.0,0.42,0.02,0.34
1259,[160  31 187 187],0.06,0.0,0.12,0.0,0.43,0.01,0.37
1260,[162  31 186 186],0.09,0.0,0.11,0.0,0.5,0.01,0.3
1261,[164  31 185 185],0.07,0.0,0.05,0.0,0.79,0.02,0.07
1262,[164  30 186 186],0.13,0.0,0.09,0.0,0.64,0.09,0.05
1263,[165  34 185 185],0.09,0.0,0.06,0.0,0.75,0.02,0.08
1264,[162  35 191 191],0.11,0.0,0.07,0.0,0.64,0.01,0.18
1265,[165  38 189 189],0.04,0.0,0.06,0.0,0.75,0.01,0.14
1266,[165  42 190 190],0.07,0.0,0.08,0.0,0.66,0.01,0.18
1267,[163  41 193 193],0.09,0.0,0.09,0.0,0.65,0.01,0.16
1268,[165  43 191 191],0.09,0.0,0.07,0.0,0.68,0.01,0.15
1269,[166  41 193 193],0.07,0.0,0.05,0.0,0.74,0.01,0.13
1270,[167  43 193 193],0.07,0.0,0.06,0.0,0.67,0.01,0.19
1271,[166  42 195 195],0.06,0.0,0.06,0.0,0.68,0.01,0.2
1272,[167  42 194 194],0.08,0.0,0.06,0.0,0.67,0.02,0.17
1273,[167  43 192 192],0.09,0.0,0.07,0.0,0.74,0.01,0.1
1274,[165  41 195 195],0.11,0.0,0.1,0.0,0.67,0.01,0.11
1275,[166  41 194 194],0.13,0.0,0.1,0.0,0.63,0.01,0.13
1276,[166  39 195 195],0.11,0.0,0.09,0.0,0.7,0.01,0.09
1277,[166  38 197 197],0.13,0.0,0.07,0.0,0.6,0.01,0.19
1278,[166  34 194 194],0.11,0.0,0.12,0.0,0.65,0.01,0.1
1279,[163  34 195 195],0.1,0.0,0.09,0.0,0.68,0.0,0.13
1280,[164  35 190 190],0.04,0.0,0.06,0.0,0.81,0.01,0.08
1281,[160  33 193 193],0.06,0.0,0.07,0.0,0.64,0.05,0.17
1282,[162  27 192 192],0.02,0.0,0.05,0.0,0.29,0.29,0.36
1283,[165  27 189 189],0.06,0.0,0.08,0.0,0.64,0.02,0.2
1284,[165  22 196 196],0.08,0.0,0.07,0.0,0.61,0.01,0.25
1285,[166  21 194 194],0.09,0.0,0.08,0.0,0.54,0.01,0.28
1286,[166  23 192 192],0.09,0.0,0.09,0.01,0.74,0.02,0.04
1287,[165  28 191 191],0.07,0.0,0.09,0.02,0.74,0.04,0.04
1288,[164  32 193 193],0.09,0.0,0.07,0.02,0.73,0.03,0.06
1289,[164  42 192 192],0.06,0.0,0.08,0.01,0.74,0.03,0.08
1290,[167  52 193 193],0.06,0.0,0.12,0.0,0.64,0.03,0.15
1291,[167  52 192 192],0.06,0.0,0.15,0.0,0.64,0.03,0.11
1292,[164  45 198 198],0.13,0.0,0.15,0.0,0.55,0.06,0.12
1293,[165  41 195 195],0.09,0.0,0.18,0.0,0.36,0.31,0.05
1294,[165  35 201 201],0.11,0.0,0.19,0.0,0.57,0.07,0.06
1295,[165  36 200 200],0.13,0.0,0.26,0.0,0.46,0.1,0.05
1296,[167  38 198 198],0.14,0.0,0.14,0.0,0.6,0.02,0.09
1297,[167  38 198 198],0.17,0.0,0.14,0.0,0.59,0.04,0.05
1298,[169  39 196 196],0.14,0.0,0.12,0.0,0.63,0.01,0.1
1299,[170  38 193 193],0.25,0.0,0.06,0.0,0.48,0.01,0.2
1300,[170  38 193 193],0.24,0.0,0.06,0.0,0.55,0.01,0.14
1301,[169  38 194 194],0.21,0.0,0.05,0.0,0.56,0.0,0.17
1302,[167  41 195 195],0.16,0.0,0.08,0.0,0.58,0.01,0.17
1303,[165  40 198 198],0.1,0.0,0.15,0.0,0.56,0.02,0.18
1304,[166  41 195 195],0.11,0.0,0.16,0.0,0.62,0.02,0.09
1305,[163  40 197 197],0.15,0.0,0.13,0.0,0.57,0.02,0.13
1306,[168  43 189 189],0.16,0.0,0.09,0.0,0.54,0.01,0.2
1307,[164  41 195 195],0.21,0.0,0.1,0.0,0.58,0.01,0.1
1308,[165  44 194 194],0.11,0.0,0.08,0.01,0.38,0.0,0.42
1309,[166  46 191 191],0.12,0.0,0.08,0.01,0.52,0.0,0.27
1310,[165  46 191 191],0.09,0.0,0.08,0.0,0.7,0.01,0.12
1311,[164  46 191 191],0.21,0.0,0.03,0.0,0.45,0.0,0.31
1312,[167  46 188 188],0.06,0.0,0.01,0.0,0.43,0.0,0.5
1313,[164  46 191 191],0.07,0.0,0.04,0.0,0.74,0.0,0.14
1314,[162  49 193 193],0.06,0.0,0.04,0.01,0.76,0.01,0.11
1315,[163  51 191 191],0.05,0.0,0.04,0.0,0.83,0.0,0.08
1316,[159  50 197 197],0.11,0.0,0.05,0.01,0.64,0.0,0.19
1317,[158  50 197 197],0.12,0.0,0.07,0.0,0.6,0.0,0.2
1318,[158  52 191 191],0.12,0.0,0.02,0.0,0.27,0.0,0.59
1319,[157  51 193 193],0.08,0.0,0.02,0.0,0.15,0.0,0.75
1320,[156  52 192 192],0.2,0.0,0.02,0.0,0.28,0.0,0.49
1321,[156  53 191 191],0.16,0.0,0.08,0.0,0.32,0.01,0.43
1322,[155  53 194 194],0.16,0.0,0.18,0.0,0.3,0.04,0.32
1323,[156  54 189 189],0.18,0.0,0.11,0.0,0.37,0.02,0.31
1324,[157  54 188 188],0.13,0.0,0.06,0.01,0.34,0.0,0.46
1325,[158  54 189 189],0.13,0.0,0.05,0.01,0.37,0.0,0.43
1326,[156  55 192 192],0.07,0.0,0.11,0.01,0.3,0.0,0.51
1327,[156  55 192 192],0.06,0.0,0.13,0.01,0.34,0.01,0.45
1328,[156  54 192 192],0.15,0.0,0.16,0.02,0.47,0.02,0.18
1329,[156  52 193 193],0.1,0.0,0.1,0.0,0.52,0.01,0.27
1330,[158  54 190 190],0.11,0.0,0.02,0.0,0.27,0.0,0.59
1331,[160  56 187 187],0.1,0.0,0.02,0.0,0.28,0.0,0.59
1332,[158  53 191 191],0.1,0.0,0.02,0.0,0.24,0.0,0.64
1333,[159  52 190 190],0.1,0.0,0.03,0.0,0.28,0.0,0.59
1334,[162  45 186 186],0.04,0.0,0.04,0.0,0.55,0.01,0.36
1335,[161  38 188 188],0.07,0.0,0.05,0.0,0.58,0.03,0.26
1336,[164  37 185 185],0.05,0.0,0.15,0.0,0.57,0.06,0.16
1337,[165  35 184 184],0.04,0.0,0.23,0.0,0.57,0.03,0.12
1338,[166  33 182 182],0.03,0.0,0.18,0.0,0.64,0.03,0.12
1339,[167  32 183 183],0.04,0.0,0.17,0.0,0.61,0.02,0.16
1340,[165  30 187 187],0.04,0.0,0.18,0.0,0.55,0.01,0.22
1341,[165  30 187 187],0.03,0.0,0.18,0.0,0.54,0.01,0.23
1342,[167  31 184 184],0.04,0.0,0.14,0.0,0.65,0.01,0.16
1343,[169  32 182 182],0.04,0.0,0.15,0.0,0.66,0.01,0.15
1344,[169  30 186 186],0.03,0.0,0.1,0.0,0.6,0.01,0.26
1345,[171  32 185 185],0.06,0.0,0.1,0.0,0.57,0.01,0.27
1346,[169  30 188 188],0.05,0.0,0.1,0.0,0.66,0.03,0.16
1347,[171  31 186 186],0.04,0.0,0.1,0.0,0.73,0.03,0.1
1348,[171  30 186 186],0.06,0.0,0.08,0.0,0.61,0.06,0.19
1349,[170  29 186 186],0.13,0.0,0.05,0.0,0.64,0.01,0.17
1350,[173  30 186 186],0.11,0.0,0.07,0.0,0.72,0.06,0.03
1351,[173  30 186 186],0.11,0.0,0.07,0.01,0.75,0.04,0.02
1352,[176  31 188 188],0.14,0.0,0.08,0.1,0.48,0.05,0.15
1353,[177  32 189 189],0.14,0.0,0.04,0.13,0.3,0.01,0.38
1354,[182  38 190 190],0.01,0.0,0.02,0.72,0.12,0.03,0.1
1355,[183  38 192 192],0.01,0.0,0.02,0.66,0.19,0.06,0.06
1356,[181  38 194 194],0.09,0.0,0.11,0.18,0.44,0.02,0.15
1357,[179  35 198 198],0.24,0.0,0.11,0.01,0.41,0.0,0.24
1358,[175  27 206 206],0.25,0.0,0.09,0.0,0.32,0.01,0.33
1359,[178  26 201 201],0.34,0.0,0.05,0.0,0.37,0.02,0.21
1360,[177  26 205 205],0.21,0.0,0.1,0.0,0.52,0.01,0.15
1361,[180  26 201 201],0.22,0.0,0.08,0.0,0.53,0.01,0.15
1362,[185  31 205 205],0.15,0.0,0.14,0.01,0.64,0.02,0.04
1363,[186  32 203 203],0.15,0.0,0.11,0.0,0.58,0.02,0.13
1364,[186  30 206 206],0.16,0.0,0.08,0.0,0.35,0.01,0.4
1365,[183  28 205 205],0.13,0.0,0.1,0.0,0.48,0.02,0.27
1366,[182  25 200 200],0.11,0.0,0.07,0.0,0.45,0.01,0.35
1367,[180  24 202 202],0.25,0.0,0.05,0.0,0.42,0.01,0.27
1368,[177  25 206 206],0.12,0.0,0.06,0.0,0.52,0.0,0.3
1369,[180  27 206 206],0.14,0.0,0.04,0.01,0.5,0.01,0.3
1370,[176  34 206 206],0.08,0.0,0.14,0.0,0.65,0.01,0.12
1371,[174  33 206 206],0.11,0.0,0.17,0.0,0.65,0.01,0.06
1372,[168  34 205 205],0.1,0.0,0.16,0.0,0.64,0.03,0.07
1373,[164  33 205 205],0.2,0.0,0.22,0.0,0.48,0.03,0.07
1374,[162  32 201 201],0.27,0.0,0.11,0.0,0.47,0.02,0.12
1375,[162  30 207 207],0.26,0.0,0.24,0.0,0.36,0.01,0.12
1376,[164  27 201 201],0.18,0.0,0.14,0.0,0.56,0.03,0.1
1377,[170  23 194 194],0.08,0.0,0.06,0.01,0.44,0.0,0.4
1378,[168  18 189 189],0.1,0.0,0.18,0.01,0.63,0.03,0.05
1379,[167  17 189 189],0.1,0.0,0.21,0.01,0.55,0.02,0.12
1380,[166  18 184 184],0.05,0.0,0.16,0.01,0.44,0.02,0.32
1381,[165  18 186 186],0.07,0.0,0.16,0.01,0.42,0.02,0.31
1382,[162  24 190 190],0.08,0.0,0.06,0.07,0.62,0.05,0.12
1383,[163  33 188 188],0.06,0.0,0.03,0.1,0.63,0.02,0.15
1384,[162  40 191 191],0.06,0.0,0.02,0.34,0.38,0.02,0.17
1385,[159  39 197 197],0.05,0.0,0.03,0.06,0.79,0.02,0.03
1386,[161  39 188 188],0.16,0.0,0.09,0.0,0.5,0.02,0.23
1387,[157  34 192 192],0.1,0.0,0.11,0.0,0.57,0.01,0.2
1388,[157  34 191 191],0.11,0.0,0.19,0.01,0.52,0.03,0.15
1389,[159  38 187 187],0.09,0.0,0.18,0.0,0.6,0.09,0.03
1390,[158  43 188 188],0.13,0.0,0.15,0.0,0.65,0.04,0.02
1391,[159  44 185 185],0.11,0.0,0.14,0.01,0.68,0.04,0.02
1392,[159  44 184 184],0.1,0.0,0.13,0.02,0.67,0.04,0.02
1393,[159  43 185 185],0.12,0.0,0.06,0.07,0.51,0.01,0.22
1394,[162  48 181 181],0.12,0.0,0.05,0.04,0.33,0.0,0.45
1395,[160  46 188 188],0.17,0.0,0.1,0.0,0.42,0.01,0.29
1396,[164  50 182 182],0.09,0.0,0.11,0.0,0.72,0.01,0.08
1397,[164  50 182 182],0.09,0.0,0.11,0.0,0.65,0.01,0.14
1398,[162  47 186 186],0.16,0.0,0.08,0.0,0.56,0.01,0.18
1399,[161  47 189 189],0.14,0.0,0.09,0.0,0.51,0.01,0.25
1400,[162  48 188 188],0.1,0.0,0.1,0.0,0.53,0.0,0.27
1401,[163  47 188 188],0.14,0.0,0.1,0.0,0.53,0.0,0.23
1402,[166  49 185 185],0.09,0.0,0.09,0.0,0.75,0.01,0.07
1403,[164  48 188 188],0.12,0.0,0.07,0.0,0.64,0.01,0.16
1404,[168  49 183 183],0.03,0.0,0.05,0.0,0.74,0.0,0.18
1405,[166  50 186 186],0.04,0.0,0.07,0.0,0.66,0.0,0.23
1406,[164  49 189 189],0.07,0.0,0.08,0.0,0.68,0.0,0.16
1407,[167  51 182 182],0.11,0.0,0.09,0.0,0.65,0.0,0.15
1408,[168  49 186 186],0.13,0.0,0.06,0.0,0.62,0.0,0.19
1409,[166  46 190 190],0.16,0.0,0.12,0.0,0.6,0.01,0.12
1410,[168  47 187 187],0.14,0.0,0.1,0.0,0.66,0.0,0.1
1411,[167  46 190 190],0.12,0.0,0.06,0.01,0.5,0.0,0.31
1412,[167  47 191 191],0.13,0.0,0.14,0.01,0.5,0.0,0.22
1413,[168  47 190 190],0.11,0.0,0.07,0.01,0.69,0.0,0.11
1414,[168  49 189 189],0.15,0.0,0.16,0.02,0.54,0.02,0.12
1415,[169  49 190 190],0.1,0.0,0.11,0.01,0.64,0.0,0.14
1416,[169  49 189 189],0.08,0.0,0.14,0.01,0.66,0.01,0.11
1417,[168  48 191 191],0.07,0.0,0.13,0.02,0.72,0.02,0.04
1418,[164  46 195 195],0.16,0.0,0.2,0.02,0.53,0.07,0.02
1419,[164  47 192 192],0.11,0.0,0.14,0.01,0.69,0.02,0.02
1420,[164  50 189 189],0.07,0.0,0.19,0.01,0.7,0.02,0.02
1421,[162  48 193 193],0.13,0.0,0.18,0.0,0.63,0.03,0.03
1422,[167  52 193 193],0.07,0.0,0.18,0.0,0.64,0.01,0.1
1423,[172  58 189 189],0.04,0.0,0.13,0.0,0.74,0.01,0.07
1424,[172  59 193 193],0.06,0.0,0.2,0.0,0.5,0.01,0.24
1425,[173  62 189 189],0.03,0.0,0.09,0.0,0.46,0.0,0.41
1426,[167  53 192 192],0.07,0.0,0.09,0.0,0.47,0.0,0.37
1427,[164  48 195 195],0.15,0.0,0.16,0.0,0.31,0.01,0.37
1428,[165  47 191 191],0.14,0.0,0.1,0.0,0.41,0.0,0.34
1429,[167  47 187 187],0.1,0.0,0.06,0.0,0.45,0.0,0.39
1430,[166  47 191 191],0.09,0.0,0.09,0.0,0.3,0.0,0.51
1431,[165  47 188 188],0.1,0.0,0.08,0.0,0.31,0.0,0.51
1432,[164  44 191 191],0.07,0.0,0.09,0.01,0.22,0.0,0.61
1433,[165  42 192 192],0.06,0.0,0.06,0.01,0.27,0.0,0.61
1434,[166  40 191 191],0.11,0.0,0.1,0.0,0.33,0.0,0.45
1435,[163  39 196 196],0.12,0.0,0.14,0.0,0.3,0.0,0.44
1436,[162  41 195 195],0.11,0.0,0.21,0.0,0.39,0.0,0.29
1437,[163  41 195 195],0.12,0.0,0.2,0.0,0.34,0.0,0.33
1438,[162  40 196 196],0.1,0.0,0.23,0.0,0.37,0.01,0.3
